"Date","Jul","ETo (mm)","Sol Rad (W/sq.m)","Avg Vap Pres (kPa)","Avg Air Temp (C)","Avg Wind Speed (m/s)"
"1/1/2017",1,"0.93",84,"0.9","7.4","1.8"
"1/2/2017",2,"0.64",54,"0.8","6.8","1.8"
"1/3/2017",3,"1.14",68,"0.8","9.4","2.6"
"1/4/2017",4,"0.12",19,"1.3","12.1","3.5"
"1/5/2017",5,"1.32",80,"1.0","9.5","3.3"
"1/6/2017",6,"1.17",109,"0.7","4.9","1.2"
"1/7/2017",7,"0.05",14,"1.3","11.4","2.5"
"1/8/2017",8,"0.78",36,"1.5","16.2","3.0"
"1/9/2017",9,"0.88",60,"1.3","13.6","2.9"
"1/10/2017",10,"0.37",26,"1.2","12.2","3.5"
"1/11/2017",11,"0.84",71,"1.2","11.5","2.4"
"1/12/2017",12,"0.34",44,"1.0","9.0","1.9"
"1/13/2017",13,"0.73",82,"0.9","6.1","2.4"
"1/14/2017",14,"0.32",41,"0.9","6.8","1.3"
"1/15/2017",15,"0.28",30,"0.8","7.2","1.2"
"1/16/2017",16,"0.73",68,"0.7","6.6","1.2"
"1/17/2017",17,"1.36",121,"0.8","5.9","1.2"
"1/18/2017",18,"0.43",32,"1.0","10.2","3.1"
"1/19/2017",19,"1.02",83,"1.0","11.0","1.8"
"1/20/2017",20,"0.80",56,"1.0","9.2","4.2"
"1/21/2017",21,"1.31",93,"0.9","8.9","2.6"
"1/22/2017",22,"0.54",41,"1.1","10.5","3.3"
"1/23/2017",23,"0.93",94,"0.9","7.0","1.9"
"1/24/2017",24,"1.69",147,"0.7","6.1","1.7"
"1/25/2017",25,"1.48",142,"0.7","5.3","1.2"
"1/26/2017",26,"1.37",118,"0.7","5.6","1.2"
"1/27/2017",27,"1.78",150,"0.7","6.6","1.1"
"1/28/2017",28,"1.78",157,"0.7","6.7","0.9"
"1/29/2017",29,"1.91",155,"0.8","7.4","1.1"
"1/30/2017",30,"1.86",148,"0.9","8.4","1.0"
"1/31/2017",31,"1.99",155,"0.9","9.6","1.0"
"2/1/2017",32,"1.57",111,"1.0","11.6","1.2"
"2/2/2017",33,"1.31",84,"1.1","13.7","1.9"
"2/3/2017",34,"1.11",84,"1.4","13.8","3.2"
"2/4/2017",35,"1.99",154,"1.1","12.2","1.4"
"2/5/2017",36,"1.01",76,"1.1","10.9","2.6"
"2/6/2017",37,"0.19",26,"1.3","13.2","3.3"
"2/7/2017",38,"0.58",38,"1.5","15.3","4.0"
"2/8/2017",39,"0.94",73,"1.7","17.0","2.3"
"2/9/2017",40,"0.02",15,"1.6","15.4","1.6"
"2/10/2017",41,"0.04",24,"1.5","13.9","2.5"
"2/11/2017",42,"0.46",52,"1.1","10.3","2.8"
"2/12/2017",43,"1.91",159,"1.0","10.1","1.4"
"2/13/2017",44,"2.01",155,"1.1","10.9","1.1"
"2/14/2017",45,"2.26",178,"1.1","12.3","0.9"
"2/15/2017",46,"2.28",148,"1.1","14.4","1.6"
"2/16/2017",47,"0.95",60,"1.1","13.1","2.6"
"2/17/2017",48,"0.31",21,"1.2","12.3","3.9"
"2/18/2017",49,"2.36",156,"1.1","13.4","2.7"
"2/19/2017",50,"1.73",125,"1.0","11.0","3.0"
"2/20/2017",51,"0.94",43,"1.3","14.2","3.8"
"2/21/2017",52,"3.10",158,"1.1","14.9","3.6"
"2/22/2017",53,"2.99",200,"0.9","9.9","3.9"
"2/23/2017",54,"2.64",204,"0.6","6.4","2.7"
"2/24/2017",55,"2.46",207,"0.6","6.1","1.2"
"2/25/2017",56,"2.18",173,"0.6","6.6","1.2"
"2/26/2017",57,"2.58",205,"0.7","8.0","1.3"
"2/27/2017",58,"2.47",174,"0.8","9.4","2.3"
"2/28/2017",59,"2.86",216,"0.7","8.0","2.3"
"3/1/2017",60,"2.81",216,"0.7","8.9","1.2"
"3/2/2017",61,"3.06",219,"0.8","10.3","1.2"
"3/3/2017",62,"2.92",209,"0.9","11.3","1.2"
"3/4/2017",63,"3.19",213,"0.9","12.3","1.6"
"3/5/2017",64,"1.77",124,"0.8","8.0","3.0"
"3/6/2017",65,"3.02",229,"0.6","7.3","1.6"
"3/7/2017",66,"3.01",223,"0.8","9.3","1.5"
"3/8/2017",67,"3.04",220,"0.9","11.1","1.2"
"3/9/2017",68,"3.34",312,"1.2","17.2","1.5"
"3/10/2017",69,"2.36",162,"1.3","14.6","1.2"
"3/11/2017",70,"3.28",215,"1.4","15.4","1.3"
"3/12/2017",71,"3.62",232,"1.4","16.4","1.4"
"3/13/2017",72,"3.69",236,"1.4","17.6","1.1"
"3/14/2017",73,"3.94",242,"1.3","19.1","1.0"
"3/15/2017",74,"4.66",235,"1.2","20.5","2.2"
"3/16/2017",75,"3.61",229,"1.4","16.6","1.8"
"3/17/2017",76,"3.78",234,"1.3","17.3","1.1"
"3/18/2017",77,"3.42",195,"1.4","18.3","1.7"
"3/19/2017",78,"2.76",162,"1.3","17.0","1.7"
"3/20/2017",79,"3.70",182,"1.2","17.3","2.7"
"3/21/2017",80,"3.32",169,"1.4","17.1","3.9"
"3/22/2017",81,"1.87",134,"1.1","12.1","2.6"
"3/23/2017",82,"3.21",226,"0.9","11.6","2.3"
"3/24/2017",83,"1.11",79,"1.1","12.3","2.4"
"3/25/2017",84,"2.12",161,"1.2","12.8","2.0"
"3/26/2017",85,"3.09",203,"1.1","12.8","1.6"
"3/27/2017",86,"4.25",231,"1.0","13.2","4.5"
"3/28/2017",87,"3.88",265,"1.0","12.7","1.7"
"3/29/2017",88,"4.23",263,"1.1","15.3","1.5"
"3/30/2017",89,"5.35",231,"0.9","14.2","5.3"
"3/31/2017",90,"4.20",281,"0.7","12.5","2.2"
"4/1/2017",91,"4.47",276,"0.9","15.3","1.6"
"4/2/2017",92,"4.91",279,"1.1","17.5","1.9"
"4/3/2017",93,"5.43",290,"0.9","16.1","2.7"
"4/4/2017",94,"4.76",267,"0.8","16.5","1.9"
"4/5/2017",95,"4.79",247,"0.9","18.8","1.7"
"4/6/2017",96,"1.85",77,"1.0","17.4","2.1"
"4/7/2017",97,"0.71",46,"1.3","13.6","4.2"
"4/8/2017",98,"2.94",204,"1.0","11.1","3.1"
"4/9/2017",99,"4.11",288,"0.8","10.4","1.8"
"4/10/2017",100,"4.38",292,"0.8","12.6","1.5"
"4/11/2017",101,"3.28",198,"1.0","15.4","1.6"
"4/12/2017",102,"5.28",273,"1.1","18.1","2.9"
"4/13/2017",103,"2.26",125,"1.1","13.7","3.5"
"4/14/2017",104,"5.06",308,"0.8","11.9","3.6"
"4/15/2017",105,"4.67",303,"0.9","13.7","1.3"
"4/16/2017",106,"3.15",176,"1.2","15.9","2.0"
"4/17/2017",107,"2.56",148,"1.4","17.2","2.4"
"4/18/2017",108,"1.23",106,"1.5","14.4","2.0"
"4/19/2017",109,"5.17",306,"1.1","15.5","2.4"
"4/20/2017",110,"4.70",263,"0.8","17.7","4.3"
"4/21/2017",111,"5.12",311,"1.1","16.2","1.7"
"4/22/2017",112,"5.32",272,"1.2","18.3","2.3"
"4/23/2017",113,"6.36",318,"0.8","16.8","4.2"
"4/24/2017",114,"5.48",263,"1.0","15.1","4.7"
"4/25/2017",115,"5.60",279,"1.0","15.5","4.5"
"4/26/2017",116,"4.28",237,"1.3","16.9","2.6"
"4/27/2017",117,"6.30",291,"1.1","17.5","5.0"
"4/28/2017",118,"7.13",331,"0.8","16.6","4.6"
"4/29/2017",119,"5.89",329,"0.8","17.6","1.6"
"4/30/2017",120,"6.46",327,"0.9","20.1","2.0"
"5/1/2017",121,"6.32",323,"1.1","21.5","1.9"
"5/2/2017",122,"6.50",321,"1.3","23.8","1.9"
"5/3/2017",123,"6.27",313,"1.6","25.6","1.5"
"5/4/2017",124,"7.20",315,"1.5","27.1","2.1"
"5/5/2017",125,"6.33",262,"1.2","21.5","3.9"
"5/6/2017",126,"2.99",156,"0.8","14.2","2.7"
"5/7/2017",127,"4.51",279,"1.1","14.7","2.6"
"5/8/2017",128,"5.12",289,"1.2","18.9","1.5"
"5/9/2017",129,"6.38",329,"1.2","22.1","1.8"
"5/10/2017",130,"6.26",314,"1.3","20.8","2.4"
"5/11/2017",131,"5.97",320,"1.3","19.2","2.8"
"5/12/2017",132,"4.53",182,"0.8","15.6","5.1"
"5/13/2017",133,"6.45",343,"0.7","15.1","4.2"
"5/14/2017",134,"5.89",324,"0.8","15.2","3.1"
"5/15/2017",135,"4.51",249,"0.9","15.0","2.2"
"5/16/2017",136,"5.44",274,"1.0","16.2","3.3"
"5/17/2017",137,"6.10",298,"0.9","17.2","4.0"
"5/18/2017",138,"6.22",340,"0.9","18.8","1.8"
"5/19/2017",139,"6.79",342,"0.9","22.6","1.8"
"5/20/2017",140,"7.19",338,"1.0","24.4","1.9"
"5/21/2017",141,"7.47",343,"1.1","25.6","1.9"
"5/22/2017",142,"7.56",339,"1.1","26.9","1.9"
"5/23/2017",143,"7.55",448,"1.3","31.5","2.5"
"5/24/2017",144,"5.51",237,"1.4","24.9","2.2"
"5/25/2017",145,"6.39",349,"1.1","19.2","2.7"
"5/26/2017",146,"3.04",195,"1.2","16.9","1.4"
"5/27/2017",147,"6.15",337,"1.3","19.7","2.4"
"5/28/2017",148,"6.87",345,"1.3","22.7","2.5"
"5/29/2017",149,"6.98",318,"1.5","23.7","2.8"
"5/30/2017",150,"7.09",328,"1.3","22.3","3.1"
"5/31/2017",151,"4.40",220,"1.2","19.6","2.5"
"6/1/2017",152,"6.95",346,"1.3","22.0","3.0"
"6/2/2017",153,"7.16",346,"1.4","24.3","2.4"
"6/3/2017",154,"7.60",338,"1.4","26.4","2.4"
"6/4/2017",155,"8.45",355,"0.8","25.0","3.1"
"6/5/2017",156,"7.51",366,"0.8","23.5","2.1"
"6/6/2017",157,"7.71",367,"0.9","25.1","2.0"
"6/7/2017",158,"7.89",345,"1.0","24.2","2.6"
"6/8/2017",159,"7.07",325,"1.0","21.8","2.7"
"6/9/2017",160,"6.62",322,"1.4","22.0","3.3"
"6/10/2017",161,"7.04",337,"0.9","18.4","4.2"
"6/11/2017",162,"5.83",311,"0.8","15.8","3.6"
"6/12/2017",163,"6.43",363,"0.9","16.6","2.5"
"6/13/2017",164,"6.62",361,"1.1","19.9","2.1"
"6/14/2017",165,"7.19",351,"1.2","24.0","2.0"
"6/15/2017",166,"8.29",355,"1.1","25.4","3.0"
"6/16/2017",167,"7.38",350,"1.5","27.2","2.0"
"6/17/2017",168,"7.77",344,"1.7","29.3","2.0"
"6/18/2017",169,"7.58",346,"1.8","31.5","1.5"
"6/19/2017",170,"8.13",343,"1.9","32.8","2.0"
"6/20/2017",171,"8.66",346,"1.8","32.9","2.4"
"6/21/2017",172,"8.01",349,"1.8","31.2","2.1"
"6/22/2017",173,"8.19",464,"1.7","35.6","2.5"
"6/23/2017",174,"8.29",346,"1.8","31.3","2.4"
"6/24/2017",175,"7.10",307,"1.8","29.6","2.2"
"6/25/2017",176,"7.78",348,"1.8","29.6","2.3"
"6/26/2017",177,"7.62",365,"1.3","26.4","2.5"
"6/27/2017",178,"7.33",362,"1.4","24.5","2.8"
"6/28/2017",179,"7.58",365,"1.4","24.8","2.6"
"6/29/2017",180,"8.00",369,"1.3","26.2","2.6"
"6/30/2017",181,"7.82",354,"1.3","26.1","2.5"
"7/1/2017",182,"7.77",360,"1.3","25.4","2.7"
"7/2/2017",183,"7.32",358,"1.4","26.7","1.8"
"7/3/2017",184,"7.59",348,"1.5","27.7","2.1"
"7/4/2017",185,"7.58",357,"1.3","28.7","1.9"
"7/5/2017",186,"7.91",338,"1.3","28.1","2.5"
"7/6/2017",187,"7.98",334,"1.3","28.9","2.2"
"7/7/2017",188,"8.33",340,"1.3","30.6","2.2"
"7/8/2017",189,"8.82",329,"1.2","31.5","2.6"
"7/9/2017",190,"5.44",236,"1.3","29.7","1.4"
"7/10/2017",191,"7.81",327,"1.4","30.4","2.0"
"7/11/2017",192,"8.08",342,"1.3","29.3","2.3"
"7/12/2017",193,"7.67",345,"1.3","28.4","2.1"
"7/13/2017",194,"7.50",323,"1.4","28.5","2.0"
"7/14/2017",195,"7.70",331,"1.4","29.1","2.0"
"7/15/2017",196,"8.10",350,"1.3","29.0","2.3"
"7/16/2017",197,"7.42",313,"1.5","30.4","1.9"
"7/17/2017",198,"8.63",340,"1.3","30.7","2.5"
"7/18/2017",199,"9.32",331,"0.9","28.5","3.4"
"7/19/2017",200,"7.90",344,"1.0","26.6","2.5"
"7/20/2017",201,"7.86",488,"1.1","29.7","2.9"
"7/21/2017",202,"7.55",339,"1.2","26.5","2.3"
"7/22/2017",203,"7.16",334,"1.4","27.7","1.6"
"7/23/2017",204,"7.43",336,"1.5","30.0","1.7"
"7/24/2017",205,"7.50",325,"1.2","29.3","1.7"
"7/25/2017",206,"7.05",340,"1.4","27.6","1.8"
"7/26/2017",207,"7.44",323,"1.5","27.7","2.4"
"7/27/2017",208,"8.14",338,"1.3","29.4","2.4"
"7/28/2017",209,"7.91",342,"1.3","29.6","2.0"
"7/29/2017",210,"8.02",340,"1.3","29.3","2.3"
"7/30/2017",211,"7.76",341,"1.5","28.7","2.2"
"7/31/2017",212,"8.19",331,"1.2","29.6","2.5"
"8/1/2017",213,"7.32",323,"1.4","30.7","1.4"
"8/2/2017",214,"7.46",299,"1.7","32.9","1.7"
"8/3/2017",215,"6.44",239,"1.5","31.6","1.8"
"8/4/2017",216,"3.12",101,"1.5","28.3","1.8"
"8/5/2017",217,"6.73",277,"1.6","28.4","2.1"
"8/6/2017",218,"7.39",323,"1.3","27.8","2.3"
"8/7/2017",219,"7.39",319,"1.3","27.1","2.5"
"8/8/2017",220,"7.08",325,"1.4","27.3","2.2"
"8/9/2017",221,"6.99",323,"1.5","27.5","2.1"
"8/10/2017",222,"6.78",321,"1.6","26.9","2.2"
"8/11/2017",223,"7.27",325,"1.5","27.8","2.3"
"8/12/2017",224,"7.60",323,"1.4","28.2","2.4"
"8/13/2017",225,"7.30",323,"1.2","27.0","2.3"
"8/14/2017",226,"6.84",299,"1.4","24.7","2.9"
"8/15/2017",227,"6.10",309,"1.4","22.5","2.6"
"8/16/2017",228,"5.95",297,"1.5","23.5","2.0"
"8/17/2017",229,"6.60",396,"1.6","30.4","2.5"
"8/18/2017",230,"6.39",282,"1.6","28.1","1.8"
"8/19/2017",231,"6.46",281,"1.7","28.5","1.9"
"8/20/2017",232,"6.40",287,"1.6","26.6","2.1"
"8/21/2017",233,"5.04",217,"1.6","24.8","2.6"
"8/22/2017",234,"6.16",292,"1.5","26.0","1.8"
"8/23/2017",235,"6.65",289,"1.6","27.3","2.2"
"8/24/2017",236,"6.90",282,"1.4","27.5","2.5"
"8/25/2017",237,"7.05",291,"1.4","28.1","2.3"
"8/26/2017",238,"6.45",285,"1.6","29.2","1.6"
"8/27/2017",239,"6.35",281,"1.6","30.0","1.6"
"8/28/2017",240,"6.70",288,"1.6","31.0","1.6"
"8/29/2017",241,"7.21",276,"1.7","31.9","2.3"
"8/30/2017",242,"6.92",258,"1.3","29.8","2.3"
"8/31/2017",243,"6.37",270,"1.4","28.9","1.6"
"9/1/2017",244,"5.90",254,"1.6","29.9","1.3"
"9/2/2017",245,"6.21",258,"1.7","31.8","1.4"
"9/3/2017",246,"6.44",241,"1.7","31.7","2.1"
"9/4/2017",247,"5.88",225,"1.9","30.5","2.2"
"9/5/2017",248,"5.52",257,"1.9","28.5","1.7"
"9/6/2017",249,"5.35",250,"1.8","27.9","1.7"
"9/7/2017",250,"5.54",257,"1.7","24.5","2.8"
"9/8/2017",251,"4.90",254,"1.7","23.9","1.9"
"9/9/2017",252,"5.27",255,"1.6","25.3","1.8"
"9/10/2017",253,"5.88",247,"1.5","27.2","2.0"
"9/11/2017",254,"3.89",190,"1.8","26.3","1.8"
"9/12/2017",255,"5.10",243,"1.9","26.7","2.1"
"9/13/2017",256,"5.11",260,"1.7","23.6","2.4"
"9/14/2017",257,"4.60",254,"1.6","21.5","2.1"
"9/15/2017",258,"4.95",262,"1.2","20.6","2.3"
"9/16/2017",259,"4.95",241,"1.3","22.3","1.8"
"9/17/2017",260,"5.52",254,"1.1","22.8","2.1"
"9/18/2017",261,"5.40",256,"1.1","21.9","2.6"
"9/19/2017",262,"5.46",254,"1.0","19.4","3.7"
"9/20/2017",263,"4.70",248,"1.1","19.7","2.2"
"9/21/2017",264,"4.02",236,"1.1","16.4","2.9"
"9/22/2017",265,"4.07",248,"0.9","16.0","1.7"
"9/23/2017",266,"4.06",249,"0.9","16.3","1.3"
"9/24/2017",267,"4.33",246,"0.9","17.6","1.3"
"9/25/2017",268,"4.35",237,"0.9","19.1","1.3"
"9/26/2017",269,"4.46",242,"0.9","20.6","1.3"
"9/27/2017",270,"4.63",242,"1.0","21.5","1.3"
"9/28/2017",271,"4.88",274,"0.8","26.8","1.7"
"9/29/2017",272,"5.05",225,"0.9","22.7","1.8"
"9/30/2017",273,"4.81",233,"1.3","21.1","2.9"
"10/1/2017",274,"4.77",230,"1.0","19.2","2.4"
"10/2/2017",275,"3.89",230,"0.8","15.9","1.4"
"10/3/2017",276,"4.16",226,"0.8","15.5","1.9"
"10/4/2017",277,"3.86",229,"0.8","15.9","1.5"
"10/5/2017",278,"3.89",225,"0.9","16.6","1.4"
"10/6/2017",279,"3.93",224,"0.9","17.5","1.3"
"10/7/2017",280,"3.89",223,"0.9","18.6","1.1"
"10/8/2017",281,"4.36",217,"0.9","18.1","2.0"
"10/9/2017",282,"3.74",211,"0.8","17.0","1.2"
"10/10/2017",283,"3.54",194,"0.8","17.6","1.0"
"10/11/2017",284,"4.45",197,"0.8","16.3","2.6"
"10/12/2017",285,"3.18",199,"0.7","13.0","1.2"
"10/13/2017",286,"3.29",202,"0.7","13.9","1.2"
"10/14/2017",287,"3.09",196,"0.8","14.6","1.1"
"10/15/2017",288,"3.35",197,"0.8","15.9","1.0"
"10/16/2017",289,"3.06",185,"0.9","16.3","1.0"
"10/17/2017",290,"3.21",162,"0.9","17.3","1.4"
"10/18/2017",291,"2.77",167,"1.0","16.9","1.1"
"10/19/2017",292,"3.29",179,"0.9","16.8","1.9"
"10/20/2017",293,"2.96",168,"1.1","14.0","4.1"
"10/21/2017",294,"2.60",186,"1.0","12.7","1.8"
"10/22/2017",295,"2.82",191,"1.0","14.0","1.1"
"10/23/2017",296,"2.93",190,"1.1","16.3","1.1"
"10/24/2017",297,"2.97",185,"1.3","18.5","0.9"
"10/25/2017",298,"3.13",184,"1.2","19.6","1.0"
"10/26/2017",299,"2.95",244,"1.3","22.8","1.1"
"10/27/2017",300,"3.01",173,"1.2","19.5","1.1"
"10/28/2017",301,"2.88",171,"1.2","19.4","1.0"
"10/29/2017",302,"2.79",149,"1.3","18.1","1.4"
"10/30/2017",303,"2.45",137,"1.3","16.7","2.1"
"10/31/2017",304,"1.97",142,"1.0","13.3","1.4"
"11/1/2017",305,"2.34",159,"1.1","13.4","1.1"
"11/2/2017",306,"0.31",30,"1.2","13.0","1.0"
"11/3/2017",307,"2.20",115,"1.2","16.2","1.9"
"11/4/2017",308,"1.54",92,"1.3","15.8","1.7"
"11/5/2017",309,"2.15",114,"0.8","11.7","2.7"
"11/6/2017",310,"2.01",142,"0.8","9.7","1.2"
"11/7/2017",311,"2.26",161,"0.8","10.4","1.1"
"11/8/2017",312,"2.43",132,"1.0","14.7","1.7"
"11/9/2017",313,"2.61",154,"1.3","16.9","2.3"
"11/10/2017",314,"2.58",149,"1.1","15.5","2.2"
"11/11/2017",315,"2.02",149,"1.1","12.7","1.1"
"11/12/2017",316,"1.48",111,"1.0","11.6","0.8"
"11/13/2017",317,"2.06",148,"1.0","12.2","1.1"
"11/14/2017",318,"1.35",104,"1.2","12.8","1.0"
"11/15/2017",319,"2.15",110,"1.2","15.4","2.2"
"11/16/2017",320,"1.88",24,"1.1","19.4","3.0"
"11/17/2017",321,"2.29",142,"1.1","13.9","3.2"
"11/18/2017",322,"1.84",146,"1.0","10.4","0.9"
"11/19/2017",323,"1.75",137,"1.0","10.0","1.0"
"11/20/2017",324,"1.71",113,"1.1","13.9","1.5"
"11/21/2017",325,"1.62",114,"1.1","14.3","0.9"
"11/22/2017",326,"1.90",134,"1.1","14.2","0.9"
"11/23/2017",327,"1.90",126,"1.3","15.0","1.3"
"11/24/2017",328,"1.50",110,"1.4","14.3","1.3"
"11/25/2017",329,"1.84",119,"1.3","15.0","1.4"
"11/26/2017",330,"2.24",89,"1.1","18.7","2.2"
"11/27/2017",331,"1.73",122,"1.0","11.4","2.9"
"11/28/2017",332,"1.64",130,"0.9","8.9","1.3"
"11/29/2017",333,"1.52",130,"0.9","8.7","1.3"
"11/30/2017",334,"1.43",125,"0.9","8.3","1.0"
"12/1/2017",335,"1.40",116,"0.9","8.8","1.0"
"12/2/2017",336,"1.26",107,"1.0","8.8","1.1"
"12/3/2017",337,"2.10",131,"0.9","10.0","2.8"
"12/4/2017",338,"1.35",115,"0.7","6.1","1.3"
"12/5/2017",339,"1.53",128,"0.7","5.5","1.4"
"12/6/2017",340,"1.62",130,"0.6","6.2","1.0"
"12/7/2017",341,"1.58",130,"0.6","6.3","1.1"
"12/8/2017",342,"1.70",126,"0.6","7.9","1.0"
"12/9/2017",343,"1.55",121,"0.6","7.5","0.9"
"12/10/2017",344,"1.51",123,"0.7","7.1","0.9"
"12/11/2017",345,"1.37",111,"0.7","7.0","0.8"
"12/12/2017",346,"1.50",172,"0.8","10.4","0.9"
"12/13/2017",347,"1.43",115,"0.7","6.4","0.9"
"12/14/2017",348,"1.49",119,"0.7","7.1","1.0"
"12/15/2017",349,"1.38",104,"0.7","7.9","1.1"
"12/16/2017",350,"1.23",108,"0.8","7.5","1.5"
"12/17/2017",351,"1.44",116,"0.6","6.7","1.1"
"12/18/2017",352,"1.55",120,"0.5","7.5","0.9"
"12/19/2017",353,"1.54",110,"0.6","7.8","1.0"
"12/20/2017",354,"1.27",74,"0.7","8.5","3.1"
"12/21/2017",355,"1.34",123,"0.6","3.9","1.4"
"12/22/2017",356,"1.19",106,"0.6","4.5","1.2"
"12/23/2017",357,"1.36",110,"0.7","7.4","1.0"
"12/24/2017",358,"0.70",52,"0.7","7.9","1.3"
"12/25/2017",359,"0.94",78,"0.8","8.3","1.1"
"12/26/2017",360,"1.43",113,"0.7","9.4","0.9"
"12/27/2017",361,"1.39",107,"0.7","7.3","1.0"
"12/28/2017",362,"1.36",110,"0.8","7.9","0.8"
"12/29/2017",363,"1.38",111,"0.8","8.0","0.8"
"12/30/2017",364,"1.17",97,"0.8","7.7","0.8"
"12/31/2017",365,"1.42",108,"0.8","9.8","1.0"
"1/1/2018",1,"1.30",104,"0.8","8.4","1.1"
"1/2/2018",2,"0.68",58,"0.9","8.6","1.0"
"1/3/2018",3,"1.03",65,"0.9","11.5","1.4"
"1/4/2018",4,"1.43",101,"1.3","14.1","1.9"
"1/5/2018",5,"1.76",119,"1.3","15.4","1.4"
"1/6/2018",6,"0.41",47,"1.4","13.2","2.0"
"1/7/2018",7,"1.01",83,"1.3","13.0","1.2"
"1/8/2018",8,"0.20",28,"1.5","13.9","2.2"
"1/9/2018",9,"0.12",24,"1.3","12.6","2.0"
"1/10/2018",10,"1.15",89,"1.1","11.1","2.3"
"1/11/2018",11,"1.44",147,"1.1","13.5","1.2"
"1/12/2018",12,"0.60",65,"1.1","9.3","1.3"
"1/13/2018",13,"0.36",49,"1.1","9.9","1.3"
"1/14/2018",14,"0.75",74,"1.1","9.9","1.4"
"1/15/2018",15,"0.71",73,"1.1","9.5","1.4"
"1/16/2018",16,"0.46",56,"1.1","9.1","1.4"
"1/17/2018",17,"0.71",71,"1.1","9.7","1.5"
"1/18/2018",18,"1.09",94,"1.2","10.4","1.6"
"1/19/2018",19,"1.01",65,"0.9","9.6","3.4"
"1/20/2018",20,"1.37",133,"0.8","5.6","1.8"
"1/21/2018",21,"1.50",129,"0.7","6.3","1.1"
"1/22/2018",22,"1.80",140,"0.8","8.7","1.3"
"1/23/2018",23,"1.60",135,"1.1","10.3","1.3"
"1/24/2018",24,"1.76",106,"0.9","9.9","2.4"
"1/25/2018",25,"2.04",146,"0.8","9.8","2.3"
"1/26/2018",26,"1.81",150,"0.7","6.7","1.3"
"1/27/2018",27,"1.71",143,"0.7","6.7","1.1"
"1/28/2018",28,"1.89",153,"0.8","8.4","1.0"
"1/29/2018",29,"1.61",119,"0.9","10.0","1.2"
"1/30/2018",30,"2.01",148,"1.0","11.1","1.0"
"1/31/2018",31,"1.89",144,"1.0","10.7","0.9"
"2/1/2018",32,"1.68",126,"1.0","11.7","1.0"
"2/2/2018",33,"1.92",137,"1.0","12.4","1.0"
"2/3/2018",34,"2.05",150,"1.1","12.6","1.0"
"2/4/2018",35,"2.12",141,"1.1","13.2","1.2"
"2/5/2018",36,"2.16",152,"1.1","13.2","1.1"
"2/6/2018",37,"2.19",154,"1.1","13.3","1.1"
"2/7/2018",38,"2.56",165,"1.0","14.9","1.2"
"2/8/2018",39,"2.45",167,"1.0","13.7","1.1"
"2/9/2018",40,"2.49",165,"1.0","14.1","1.0"
"2/10/2018",41,"2.82",148,"0.9","13.2","1.9"
"2/11/2018",42,"2.56",146,"0.7","11.2","2.0"
"2/12/2018",43,"1.84",140,"0.8","7.8","1.6"
"2/13/2018",44,"2.59",182,"0.7","8.5","1.7"
"2/14/2018",45,"2.79",168,"0.6","10.9","1.9"
"2/15/2018",46,"2.50",245,"0.6","12.0","1.6"
"2/16/2018",47,"2.70",187,"0.6","9.5","1.3"
"2/17/2018",48,"2.83",188,"0.6","11.2","1.2"
"2/18/2018",49,"3.42",190,"0.7","10.5","3.2"
"2/19/2018",50,"2.97",194,"0.4","5.7","2.9"
"2/20/2018",51,"2.47",198,"0.4","5.2","1.5"
"2/21/2018",52,"2.58",199,"0.4","6.1","1.3"
"2/22/2018",53,"2.39",161,"0.5","6.8","1.8"
"2/23/2018",54,"2.72",195,"0.5","5.6","2.8"
"2/24/2018",55,"2.95",201,"0.4","6.5","2.0"
"2/25/2018",56,"2.64",206,"0.5","7.6","1.2"
"2/26/2018",57,"1.17",86,"0.7","6.0","2.0"
"2/27/2018",58,"0.93",92,"0.8","6.2","1.4"
"2/28/2018",59,"2.79",205,"0.7","9.0","1.8"
"3/1/2018",60,"0.90",53,"1.0","10.1","4.6"
"3/2/2018",61,"0.97",82,"1.1","10.2","3.9"
"3/3/2018",62,"2.00",160,"0.8","8.3","2.0"
"3/4/2018",63,"2.62",217,"0.7","7.6","1.7"
"3/5/2018",64,"2.86",232,"0.7","8.5","1.2"
"3/6/2018",65,"3.18",230,"0.8","11.1","1.3"
"3/7/2018",66,"2.24",142,"0.9","12.9","1.5"
"3/8/2018",67,"3.50",228,"0.9","14.1","1.3"
"3/9/2018",68,"3.51",206,"1.1","16.1","2.0"
"3/10/2018",69,"1.70",106,"1.1","14.1","1.8"
"3/11/2018",70,"3.08",218,"1.2","13.7","1.2"
"3/12/2018",71,"3.98",219,"1.3","17.2","2.1"
"3/13/2018",72,"1.43",96,"1.6","16.2","3.1"
"3/14/2018",73,"1.82",134,"1.1","11.4","1.8"
"3/15/2018",74,"3.61",341,"0.6","13.2","2.2"
"3/16/2018",75,"1.16",84,"1.0","9.3","2.9"
"3/17/2018",76,"3.13",230,"0.8","8.1","1.7"
"3/18/2018",77,"2.74",200,"0.8","8.6","1.4"
"3/19/2018",78,"3.51",248,"0.8","11.3","1.2"
"3/20/2018",79,"0.75",58,"1.1","12.8","2.0"
"3/21/2018",80,"0.26",45,"1.5","14.4","3.4"
"3/22/2018",81,"1.40",105,"1.5","14.5","3.6"
"3/23/2018",82,"3.46",259,"0.8","10.4","2.4"
"3/24/2018",83,"3.59",242,"0.8","10.7","2.2"
"3/25/2018",84,"4.17",276,"0.7","10.0","3.8"
"3/26/2018",85,"3.51",276,"0.8","9.4","1.5"
"3/27/2018",86,"3.94",272,"0.8","12.7","1.6"
"3/28/2018",87,"4.25",273,"1.0","15.1","1.1"
"3/29/2018",88,"4.44",266,"1.2","16.8","1.2"
"3/30/2018",89,"4.58",268,"1.4","18.6","1.3"
"3/31/2018",90,"4.06",230,"1.4","18.1","1.3"
"4/1/2018",91,"4.72",284,"1.2","17.6","1.5"
"4/2/2018",92,"4.52",269,"1.2","16.9","2.1"
"4/3/2018",93,"4.60",287,"1.1","16.9","1.4"
"4/4/2018",94,"4.68",248,"1.1","18.3","1.7"
"4/5/2018",95,"4.13",198,"0.9","17.3","2.4"
"4/6/2018",96,"1.92",120,"1.3","17.0","1.9"
"4/7/2018",97,"2.51",155,"1.5","16.9","2.9"
"4/8/2018",98,"4.61",296,"1.1","14.5","2.9"
"4/9/2018",99,"4.71",289,"1.2","16.6","1.3"
"4/10/2018",100,"4.80",230,"1.3","19.6","2.5"
"4/11/2018",101,"4.65",244,"1.1","15.8","3.1"
"4/12/2018",102,"5.53",304,"0.7","11.9","4.8"
"4/13/2018",103,"4.55",303,"0.9","12.7","2.1"
"4/14/2018",104,"5.11",308,"0.9","16.2","1.3"
"4/15/2018",105,"5.24",263,"1.0","17.7","2.5"
"4/16/2018",106,"2.25",167,"0.9","9.5","2.3"
"4/17/2018",107,"4.07",294,"0.8","9.7","1.4"
"4/18/2018",108,"3.37",205,"0.9","12.1","1.8"
"4/19/2018",109,"5.28",297,"0.8","13.2","3.4"
"4/20/2018",110,"5.18",319,"0.9","15.5","1.6"
"4/21/2018",111,"5.63",317,"1.1","19.0","1.5"
"4/22/2018",112,"5.83",318,"1.3","20.9","1.5"
"4/23/2018",113,"6.22",315,"1.2","22.6","1.7"
"4/24/2018",114,"6.37",311,"1.2","22.8","2.1"
"4/25/2018",115,"6.27",315,"1.2","22.2","2.2"
"4/26/2018",116,"5.95",309,"1.1","20.4","2.4"
"4/27/2018",117,"6.42",325,"0.8","16.7","3.9"
"4/28/2018",118,"6.18",329,"0.9","16.0","4.0"
"4/29/2018",119,"5.03",271,"0.9","14.8","3.9"
"4/30/2018",120,"4.71",268,"1.0","14.7","2.9"
"5/1/2018",121,"3.67",215,"1.0","14.4","2.0"
"5/2/2018",122,"5.44",318,"1.0","16.9","1.7"
"5/3/2018",123,"6.18",328,"1.1","19.5","1.9"
"5/4/2018",124,"4.52",330,"1.3","25.6","2.2"
"5/5/2018",125,"5.53",271,"1.4","22.6","1.8"
"5/6/2018",126,"6.45",312,"1.2","20.5","2.7"
"5/7/2018",127,"6.95",365,"1.2","21.8","2.3"
"5/8/2018",128,"6.57",329,"1.3","23.4","2.0"
"5/9/2018",129,"7.66",359,"1.3","22.3","3.9"
"5/10/2018",130,"6.45",342,"1.2","20.7","2.5"
"5/11/2018",131,"7.33",356,"1.1","20.3","3.3"
"5/12/2018",132,"6.91",365,"1.0","19.6","2.4"
"5/13/2018",133,"6.65",358,"1.2","19.5","2.5"
"5/14/2018",134,"6.56",355,"1.2","19.5","2.7"
"5/15/2018",135,"6.36",358,"1.3","19.1","3.2"
"5/16/2018",136,"5.45",292,"1.1","17.2","3.1"
"5/17/2018",137,"6.49",365,"1.2","18.9","2.9"
"5/18/2018",138,"6.51",358,"1.5","20.6","2.6"
"5/19/2018",139,"7.05",363,"1.4","21.0","3.3"
"5/20/2018",140,"6.30",338,"1.2","18.2","3.4"
"5/21/2018",141,"5.42",311,"1.3","18.0","2.2"
"5/22/2018",142,"6.40",348,"1.5","21.5","1.9"
"5/23/2018",143,"6.59",361,"1.4","20.6","2.8"
"5/24/2018",144,"6.55",352,,"18.9","3.2"
"5/25/2018",145,"6.84",174,,"16.5","2.8"
"5/26/2018",146,"6.82",362,,"18.1","3.3"
"5/27/2018",147,"6.62",368,,"20.8","2.0"
"5/28/2018",148,"6.58",371,,"24.7","1.7"
"5/29/2018",149,"7.27",400,"1.6","31.6","2.6"
"5/30/2018",150,"7.93",342,"1.1","22.8","3.7"
"5/31/2018",151,"6.94",384,"0.9","17.0","3.4"
"6/1/2018",152,"6.63",381,"1.1","19.0","2.0"
"6/2/2018",153,"7.33",378,"1.4","24.0","1.6"
"6/3/2018",154,"8.18",381,"1.4","28.1","2.0"
"6/4/2018",155,"9.30",384,"1.2","27.1","3.6"
"6/5/2018",156,"8.05",385,"0.9","23.1","2.8"
"6/6/2018",157,"7.38",377,"1.2","21.1","3.0"
"6/7/2018",158,"7.01",375,"1.3","20.7","3.0"
"6/8/2018",159,"7.81",381,"1.2","23.0","2.9"
"6/9/2018",160,"8.19",358,"1.2","21.3","5.0"
"6/10/2018",161,"7.07",381,"1.0","19.3","2.8"
"6/11/2018",162,"7.13",383,"1.2","22.2","1.8"
"6/12/2018",163,"7.49",377,"1.5","25.9","1.5"
"6/13/2018",164,"8.17",377,"1.6","28.4","2.0"
"6/14/2018",165,"8.04",380,"1.3","27.2","2.3"
"6/15/2018",166,"8.08",385,"1.0","25.0","2.3"
"6/16/2018",167,"7.06",381,"1.2","21.8","2.0"
"6/17/2018",168,"4.40",268,"1.3","18.4","1.6"
"6/18/2018",169,"7.11",376,"1.4","22.0","2.3"
"6/19/2018",170,"7.54",377,"1.5","25.4","2.1"
"6/20/2018",171,"8.28",381,"1.5","26.6","2.7"
"6/21/2018",172,"8.04",383,"1.2","25.5","2.4"
"6/22/2018",173,"8.02",385,"1.4","27.0","1.8"
"6/23/2018",174,"8.17",381,"1.6","28.1","1.9"
"6/24/2018",175,"8.32",379,"1.6","28.5","2.5"
"6/25/2018",176,"7.34",366,"1.6","25.2","2.5"
"6/26/2018",177,"7.85",373,"1.5","27.3","2.0"
"6/27/2018",178,"8.07",380,"1.2","26.6","2.3"
"6/28/2018",179,"7.29",487,,"28.0","3.3"
"6/29/2018",180,"7.35",375,,"25.1","2.2"
"6/30/2018",181,"7.36",368,,"28.4","1.7"
"7/1/2018",182,"7.44",360,,"29.3","2.3"
"7/2/2018",183,"7.44",358,,"27.0","2.2"
"7/3/2018",184,"7.41",352,,"26.1","2.1"
"7/4/2018",185,"7.34",365,,"24.9","2.1"
"7/5/2018",186,"7.01",144,,"29.7","3.1"
"7/6/2018",187,"8.22",492,"1.5","31.8","3.0"
"7/7/2018",188,"8.35",354,"1.4","29.1","2.5"
"7/8/2018",189,"8.80",358,"1.0","28.8","2.7"
"7/9/2018",190,"7.70",312,"1.0","27.8","2.6"
"7/10/2018",191,"8.15",358,"1.3","28.7","2.2"
"7/11/2018",192,"7.73",357,"1.5","29.3","1.9"
"7/12/2018",193,"6.49",276,"1.6","29.8","1.8"
"7/13/2018",194,"7.52",316,"1.7","29.9","2.3"
"7/14/2018",195,"8.16",351,"1.8","29.9","2.6"
"7/15/2018",196,"7.58",321,"1.8","28.8","2.6"
"7/16/2018",197,"8.03",351,"1.6","29.2","2.3"
"7/17/2018",198,"8.02",338,"1.5","29.4","2.1"
"7/18/2018",199,"7.50",358,"1.6","30.2","1.5"
"7/19/2018",200,"7.46",437,"1.8","33.9","2.4"
"7/20/2018",201,"7.95",337,"1.7","30.0","2.4"
"7/21/2018",202,"7.45",334,"2.0","29.1","2.3"
"7/22/2018",203,"7.97",340,"1.7","29.0","2.8"
"7/23/2018",204,"7.38",310,"1.8","29.5","2.5"
"7/24/2018",205,"8.20",343,"1.7","30.5","2.5"
"7/25/2018",206,"7.58",316,"1.5","29.9","2.0"
"7/26/2018",207,"7.28",321,"1.8","30.4","1.6"
"7/27/2018",208,"7.15",319,"1.7","29.4","1.7"
"7/28/2018",209,"7.09",331,"1.7","28.7","1.7"
"7/29/2018",210,"7.34",319,"2.0","29.1","2.2"
"7/30/2018",211,"6.58",299,"1.8","27.8","1.5"
"7/31/2018",212,"7.18",298,"1.8","29.8","1.9"
"8/1/2018",213,"7.53",323,"1.7","29.7","2.0"
"8/2/2018",214,"7.76",335,"1.3","28.6","2.3"
"8/3/2018",215,"7.57",346,"1.4","27.4","2.0"
"8/4/2018",216,"7.74",312,"1.5","27.0","2.8"
"8/5/2018",217,"8.07",352,"1.2","26.4","2.7"
"8/6/2018",218,"6.66",302,"1.4","25.1","1.9"
"8/7/2018",219,"6.76",303,"1.6","26.4","1.8"
"8/8/2018",220,"6.73",321,"1.6","27.1","1.6"
"8/9/2018",221,"6.71",316,"1.8","28.2","1.6"
"8/10/2018",222,"7.18",303,"1.6","29.0","1.8"
"8/11/2018",223,"6.03",266,"1.6","27.9","1.6"
"8/12/2018",224,"6.84",302,"1.4","28.0","1.6"
"8/13/2018",225,"7.18",310,"1.4","27.6","2.2"
"8/14/2018",226,"7.10",318,"1.4","26.5","2.4"
"8/15/2018",227,"6.58",316,"1.6","25.4","2.3"
"8/16/2018",228,"6.77",453,"1.6","30.0","2.1"
"8/17/2018",229,"7.12",324,"1.6","28.6","2.0"
"8/18/2018",230,"7.68",328,"1.5","29.5","2.2"
"8/19/2018",231,"7.42",329,"1.3","28.8","2.0"
"8/20/2018",232,"6.90",320,"1.3","27.6","1.9"
"8/21/2018",233,"6.09",306,"1.5","24.4","1.8"
"8/22/2018",234,"6.05",320,"1.6","23.8","2.2"
"8/23/2018",235,"6.25",317,"1.6","23.7","2.5"
"8/24/2018",236,"5.93",311,"1.5","22.8","2.2"
"8/25/2018",237,"6.02",299,"1.5","24.1","1.8"
"8/26/2018",238,"6.27",303,"1.4","24.8","1.9"
"8/27/2018",239,"6.19",311,"1.3","23.6","2.2"
"8/28/2018",240,"5.75",305,"1.6","22.9","2.4"
"8/29/2018",241,"5.58",290,"1.6","22.9","2.4"
"8/30/2018",242,"5.73",298,"1.4","21.9","2.7"
"8/31/2018",243,"5.92",305,"1.5","22.5","2.7"
"9/1/2018",244,"5.74",300,"1.6","24.4","1.5"
"9/2/2018",245,"5.98",296,"0.6","26.2","1.6"
"9/3/2018",246,"6.10",291,"1.5","26.2","1.7"
"9/4/2018",247,"5.80",283,"0.9","26.7","1.5"
"9/5/2018",248,"5.99",283,"0.7","27.0","2.0"
"9/6/2018",249,"5.97",388,"1.6","29.1","2.4"
"9/7/2018",250,"5.90",286,"1.5","26.6","1.7"
"9/8/2018",251,"6.38",294,"1.3","26.2","2.0"
"9/9/2018",252,"5.89",297,"1.2","24.6","1.6"
"9/10/2018",253,"5.77",295,"1.2","24.2","1.7"
"9/11/2018",254,"5.86",291,"1.1","24.4","1.7"
"9/12/2018",255,"6.22",290,"0.9","22.2","3.1"
"9/13/2018",256,"5.15",286,"1.0","20.1","1.9"
"9/14/2018",257,"4.88",264,"1.1","21.0","1.9"
"9/15/2018",258,"5.77",277,"1.0","21.4","3.0"
"9/16/2018",259,"4.84",279,"1.1","19.6","1.8"
"9/17/2018",260,"5.04",278,"1.1","21.2","1.9"
"9/18/2018",261,"5.05",277,"1.2","20.8","2.2"
"9/19/2018",262,"5.23",279,"1.2","20.9","2.0"
"9/20/2018",263,"4.78",386,"1.3","25.1","1.3"
"9/21/2018",264,"5.01",272,"1.2","23.6","1.2"
"9/22/2018",265,"5.18",274,"1.2","24.0","1.4"
"9/23/2018",266,"5.23",257,"1.2","23.6","1.9"
"9/24/2018",267,"4.49",242,"1.2","21.9","1.4"
"9/25/2018",268,"5.15",262,"1.2","23.2","1.6"
"9/26/2018",269,"4.93",258,"1.3","23.8","1.4"
"9/27/2018",270,"4.62",256,"1.4","24.1","1.1"
"9/28/2018",271,"4.66",233,"1.5","24.4","1.7"
"9/29/2018",272,"4.08",242,"1.3","19.4","2.5"
"9/30/2018",273,"3.36",202,"1.4","19.3","1.4"
"10/1/2018",274,"4.12",243,"1.3","21.2","1.0"
"10/2/2018",275,"3.10",167,"1.6","22.7","1.6"
"10/3/2018",276,"1.76",111,"1.8","20.3","2.0"
"10/4/2018",277,"3.34",201,"1.7","20.1","2.4"
"10/5/2018",278,"3.69",236,"1.5","18.7","2.1"
"10/6/2018",279,"4.50",241,"1.4","18.9","2.9"
"10/7/2018",280,"3.54",232,"1.2","16.9","1.2"
"10/8/2018",281,"3.86",239,"1.1","18.2","1.5"
"10/9/2018",282,"3.86",232,"1.1","18.6","1.1"
"10/10/2018",283,"3.56",226,"1.3","17.6","1.5"
"10/11/2018",284,"3.29",215,"1.3","16.5","1.5"
"10/12/2018",285,"3.35",225,"1.3","17.6","1.0"
"10/13/2018",286,"3.75",225,"1.2","18.6","1.4"
"10/14/2018",287,"3.72",226,"1.1","17.9","1.5"
"10/15/2018",288,"3.46",223,"1.0","16.4","1.3"
"10/16/2018",289,"3.41",223,"0.8","15.8","1.2"
"10/17/2018",290,"3.38",221,"0.8","16.7","1.0"
"10/18/2018",291,"3.38",218,"0.9","17.1","1.0"
"10/19/2018",292,"3.21",213,"1.0","17.1","0.9"
"10/20/2018",293,"3.22",211,"1.0","17.7","0.9"
"10/21/2018",294,"3.24",206,"1.0","17.5","1.1"
"10/22/2018",295,"3.17",200,"1.1","17.4","1.3"
"10/23/2018",296,"3.05",191,"1.2","16.1","1.5"
"10/24/2018",297,"2.84",197,"1.1","15.2","1.3"
"10/25/2018",298,"2.84",197,"1.1","15.9","1.0"
"10/26/2018",299,"2.89",185,"1.2","17.4","1.0"
"10/27/2018",300,"2.86",182,"1.2","17.9","0.8"
"10/28/2018",301,"3.05",172,"1.3","18.0","1.9"
"10/29/2018",302,"2.78",152,"1.1","16.1","3.1"
"10/30/2018",303,"2.56",187,"0.9","13.3","1.2"
"10/31/2018",304,"2.58",177,"1.0","14.5","1.3"
"11/1/2018",305,"2.69",168,"0.9","15.1","1.0"
"11/2/2018",306,"2.65",161,"1.0","15.5","1.0"
"11/3/2018",307,"2.48",159,"1.1","15.5","1.2"
"11/4/2018",308,"2.65",160,"1.1","16.8","1.0"
"11/5/2018",309,"2.60",173,"1.0","14.7","1.1"
"11/6/2018",310,"2.56",171,"1.0","13.5","1.1"
"11/7/2018",311,"2.53",168,"0.9","13.9","1.0"
"11/8/2018",312,"2.40",218,"0.7","14.0","1.2"
"11/9/2018",313,"2.38",178,"0.8","11.0","0.9"
"11/10/2018",314,"1.75",125,"0.8","9.0","0.9"
"11/11/2018",315,"2.13",169,"0.7","8.6","0.9"
"11/12/2018",316,"2.17",165,"0.6","9.2","0.8"
"11/13/2018",317,"2.01",131,"0.6","10.3","0.9"
"11/14/2018",318,"2.08",162,"0.6","9.2","0.9"
"11/15/2018",319,"1.89",134,"0.6","8.8","0.9"
"11/16/2018",320,"1.87",137,"0.7","8.9","0.8"
"11/17/2018",321,"1.97",141,"0.7","9.6","0.8"
"11/18/2018",322,"1.96",147,"0.7","9.2","0.9"
"11/19/2018",323,"1.64",119,"0.7","8.8","0.9"
"11/20/2018",324,"2.00",149,"0.7","10.0","1.0"
"11/21/2018",325,"1.22",69,"0.9","11.8","1.7"
"11/22/2018",326,"1.64",138,"1.2","12.6","1.6"
"11/23/2018",327,"0.69",59,"1.3","12.9","1.7"
"11/24/2018",328,"0.89",76,"1.5","14.5","1.4"
"11/25/2018",329,"1.11",104,"1.4","12.1","1.5"
"11/26/2018",330,"1.59",136,"1.2","11.8","1.0"
"11/27/2018",331,"1.53",110,"1.2","13.5","1.5"
"11/28/2018",332,"0.00",14,"1.5","13.1","2.6"
"11/29/2018",333,"1.06",78,"1.3","12.9","4.1"
"11/30/2018",334,"1.60",126,"1.1","11.6","2.3"
"12/1/2018",335,"0.33",49,"1.0","6.8","1.5"
"12/2/2018",336,"1.55",147,"0.8","7.2","1.2"
"12/3/2018",337,"1.50",131,"0.9","8.4","1.0"
"12/4/2018",338,"0.67",42,"0.9","10.3","1.5"
"12/5/2018",339,"1.10",70,"1.0","11.9","1.7"
"12/6/2018",340,"0.05",25,"1.2","9.6","1.2"
"12/7/2018",341,"0.64",62,"1.1","10.1","1.0"
"12/8/2018",342,"1.06",100,"1.1","9.4","1.1"
"12/9/2018",343,"0.60",63,"1.1","10.0","1.5"
"12/10/2018",344,"0.04",16,"1.0","9.0","1.4"
"12/11/2018",345,"0.54",50,"0.9","8.8","1.0"
"12/12/2018",346,"1.13",101,"0.9","8.1","1.1"
"12/13/2018",347,"1.45",189,"0.7","10.4","1.1"
"12/14/2018",348,"0.36",34,"0.9","8.6","1.2"
"12/15/2018",349,"1.24",144,"0.3","8.4","1.0"
"12/16/2018",350,"1.62",118,"0.2","11.1","1.7"
"12/17/2018",351,"0.26",38,"1.3","11.7","1.7"
"12/18/2018",352,"1.02",106,"0.8","10.1","0.9"
"12/19/2018",353,"1.03",113,"0.6","8.7","0.9"
"12/20/2018",354,"1.13",99,"0.8","8.9","0.9"
"12/21/2018",355,"0.92",88,"1.2","10.5","1.6"
"12/22/2018",356,"0.39",47,"1.3","11.4","1.2"
"12/23/2018",357,"0.38",42,"1.2","11.7","1.2"
"12/24/2018",358,"1.38",94,"1.0","10.9","1.7"
"12/25/2018",359,"1.12",94,"1.0","8.9","2.3"
"12/26/2018",360,"1.16",115,"0.9","7.5","1.0"
"12/27/2018",361,"0.99",106,"0.8","5.0","1.5"
"12/28/2018",362,"1.30",139,"0.7","4.5","1.0"
"12/29/2018",363,"1.33",137,"0.7","4.7","1.1"
"12/30/2018",364,"1.43",138,"0.7","5.0","1.1"
"12/31/2018",365,"1.10",112,"0.8","5.1","1.1"
"1/1/2019",1,"1.02",108,"0.7","3.3","1.1"
"1/2/2019",2,"1.35",142,"0.5","3.9","1.0"
"1/3/2019",3,"1.29",143,"0.3","5.4","1.1"
"1/4/2019",4,"1.33",147,"0.3","6.7","1.1"
"1/5/2019",5,"0.55",37,"0.9","7.8","2.3"
"1/6/2019",6,"0.66",64,"1.1","8.6","3.7"
"1/7/2019",7,"1.21",100,"0.5","12.8","2.3"
"1/8/2019",8,"1.35",90,,"12.8","1.4"
"1/9/2019",9,"0.27",26,"1.3","12.6","1.6"
"1/10/2019",10,"1.23",149,"0.7","10.8","1.3"
"1/11/2019",11,"1.32",123,"0.8","10.6","1.8"
"1/12/2019",12,"1.42",130,"0.5","11.1","1.5"
"1/13/2019",13,"1.27",136,"0.5","9.8","1.1"
"1/14/2019",14,"0.30",33,"1.0","8.6","1.2"
"1/15/2019",15,"0.55",33,"1.1","11.1","2.1"
"1/16/2019",16,"1.01",54,"1.2","14.1","2.8"
"1/17/2019",17,"1.10",62,"1.2","13.8","2.7"
"1/18/2019",18,"1.70",137,"0.9","12.4","1.7"
"1/19/2019",19,"1.38",146,"0.6","10.8","1.0"
"1/20/2019",20,"1.10",107,"0.7","11.5","2.1"
"1/21/2019",21,"1.33",108,"0.9","8.8","2.0"
"1/22/2019",22,"1.54",146,"0.8","6.5","1.2"
"1/23/2019",23,"1.35",168,"0.4","7.4","1.1"
"1/24/2019",24,"1.53",163,"0.4","8.2","1.0"
"1/25/2019",25,"1.42",166,"0.3","8.8","1.1"
"1/26/2019",26,"1.44",141,"0.4","9.3","1.0"
"1/27/2019",27,"1.56",170,"0.3","10.4","1.1"
"1/28/2019",28,"1.23",101,"0.6","10.7","1.1"
"1/29/2019",29,"1.03",84,"0.6","11.7","1.2"
"1/30/2019",30,"1.86",192,"1.1","14.8","1.5"
"1/31/2019",31,"2.10",159,"1.3","13.5","1.8"
"2/1/2019",32,"1.16",91,"1.2","12.0","2.1"
"2/2/2019",33,"0.93",69,"1.3","12.6","4.2"
"2/3/2019",34,"1.88",130,"1.2","12.1","5.3"
"2/4/2019",35,"1.76",127,"1.0","10.1","4.1"
"2/5/2019",36,"1.82",157,"0.7","5.8","2.4"
"2/6/2019",37,"2.04",201,"0.6","4.2","1.2"
"2/7/2019",38,"1.94",188,"0.6","5.5","1.1"
"2/8/2019",39,"2.46",199,"0.7","6.8","2.2"
"2/9/2019",40,"1.91",142,"0.9","9.4","2.7"
"2/10/2019",41,"1.65",131,"0.8","6.5","3.3"
"2/11/2019",42,"2.29",216,"0.6","4.5","1.2"
"2/12/2019",43,"1.29",105,"0.7","6.0","1.6"
"2/13/2019",44,"1.41",39,"1.0","14.2","3.5"
"2/14/2019",45,"3.01",113,"0.5","14.7","3.7"
"2/15/2019",46,"0.86",88,"1.0","8.7","2.9"
"2/16/2019",47,"1.14",110,"0.9","6.1","1.8"
"2/17/2019",48,"1.35",137,"0.8","4.4","1.7"
"2/18/2019",49,"1.97",187,"0.7","4.8","1.3"
"2/19/2019",50,"2.48",224,"0.7","5.2","1.6"
"2/20/2019",51,"1.15",106,"0.7","6.2","1.5"
"2/21/2019",52,"1.46",129,"0.7","5.9","2.0"
"2/22/2019",53,"2.43",214,"0.6","5.3","1.2"
"2/23/2019",54,"2.11",186,"0.4","6.5","1.1"
"2/24/2019",55,"2.24",217,"0.2","9.3","1.0"
"2/25/2019",56,"2.53",189,,"13.4","2.2"
"2/26/2019",57,"2.42",136,,"14.3","2.1"
"2/27/2019",58,"3.12",181,,"15.0","2.8"
"2/28/2019",59,"2.31",164,,"14.1","2.2"
"3/1/2019",60,"2.46",130,"0.4","12.3","1.8"
"3/2/2019",61,"2.35",112,"0.3","14.4","3.2"
"3/3/2019",62,"2.75",132,"0.3","14.3","2.5"
"3/4/2019",63,"3.15",206,"0.1","12.9","2.3"
"3/5/2019",64,"2.03",38,"0.3","12.1","2.4"
"3/6/2019",65,"3.18",142,"0.1","14.7","4.2"
"3/7/2019",66,"3.15",164,"0.1","11.0","2.5"
"3/8/2019",67,"2.87",220,"0.3","9.0","2.2"
"3/9/2019",68,"3.16",181,"0.2","8.2","2.3"
"3/10/2019",69,"2.90",243,"0.3","9.3","1.4"
"3/11/2019",70,"2.96",273,"0.2","10.2","1.8"
"3/12/2019",71,"3.17",256,"0.1","10.7","2.5"
"3/13/2019",72,"3.06",282,"0.0","9.6","2.4"
"3/14/2019",73,"3.55",383,"0.7","13.6","1.6"
"3/15/2019",74,"4.04",275,"0.8","11.7","1.4"
"3/16/2019",75,"3.95",278,"0.9","12.6","1.3"
"3/17/2019",76,"4.32",282,"1.0","14.3","1.3"
"3/18/2019",77,"3.64",268,"0.7","16.7","1.2"
"3/19/2019",78,"3.84",208,"0.7","17.1","1.9"
"3/20/2019",79,"2.38",164,"1.1","12.7","1.9"
"3/21/2019",80,"2.93",208,"1.1","12.0","1.7"
"3/22/2019",81,"3.32",224,"1.0","12.4","1.3"
"3/23/2019",82,"2.62",175,"1.1","12.9","2.7"
"3/24/2019",83,"3.70",253,"0.8","11.6","1.3"
"3/25/2019",84,"3.98",276,"0.6","15.3","2.0"
"3/26/2019",85,"3.79",254,"0.8","15.0","1.4"
"3/27/2019",86,"2.37",147,"1.4","15.3","3.2"
"3/28/2019",87,"4.41",298,"0.9","14.2","2.9"
"3/29/2019",88,"4.69",303,"1.0","12.7","3.4"
"3/30/2019",89,"4.07",299,"0.7","13.2","1.9"
"3/31/2019",90,"4.22",301,"0.6","14.9","1.7"
"4/1/2019",91,"4.43",252,"0.6","17.0","2.2"
"4/2/2019",92,"4.04",241,"1.0","15.9","2.7"
"4/3/2019",93,"4.02",254,"0.8","14.4","1.2"
"4/4/2019",94,"3.37",170,"0.9","14.4","1.6"
"4/5/2019",95,"2.95",196,"0.9","14.3","1.6"
"4/6/2019",96,"4.33",293,"0.6","16.1","1.7"
"4/7/2019",97,"4.36",303,"0.6","18.0","1.6"
"4/8/2019",98,"4.07",218,"0.5","19.5","2.3"
"4/9/2019",99,"6.59",320,"1.0","15.7","6.1"
"4/10/2019",100,"4.70",328,"0.3","13.5","2.9"
"4/11/2019",101,"3.78",211,"0.5","13.3","2.6"
"4/12/2019",102,"4.58",322,"0.3","13.7","1.7"
"4/13/2019",103,"4.69",318,"0.0","17.5","1.6"
"4/14/2019",104,"4.75",325,,"18.9","2.1"
"4/15/2019",105,"4.81",295,,"17.2","3.5"
"4/16/2019",106,"3.41",326,"1.2","16.1","3.6"
"4/17/2019",107,"5.13",332,"1.2","16.4","1.4"
"4/18/2019",108,"5.57",327,"1.4","19.9","1.1"
"4/19/2019",109,"6.21",322,"1.5","22.0","1.8"
"4/20/2019",110,"5.30",278,"1.3","17.7","3.8"
"4/21/2019",111,"5.18",333,"1.1","15.2","2.0"
"4/22/2019",112,"5.76",339,"1.2","18.7","1.6"
"4/23/2019",113,"6.30",338,"1.3","22.2","1.7"
"4/24/2019",114,"6.43",337,"1.4","24.0","1.5"
"4/25/2019",115,"6.77",342,"1.5","25.4","1.7"
"4/26/2019",116,"7.08",342,"1.4","24.5","2.3"
"4/27/2019",117,"6.02",298,"1.4","21.7","2.2"
"4/28/2019",118,"6.66",343,"1.2","21.1","2.3"
"4/29/2019",119,"6.06",345,"1.2","19.1","2.4"
"4/30/2019",120,"4.37",254,"1.2","16.9","2.6"
"5/1/2019",121,"5.82",350,"1.1","17.0","1.7"
"5/2/2019",122,"6.29",356,"0.9","18.8","1.6"
"5/3/2019",123,"6.45",349,"1.0","20.1","1.6"
"5/4/2019",124,"6.81",353,"1.0","21.0","2.0"
"5/5/2019",125,"6.35",352,"1.0","18.1","2.6"
"5/6/2019",126,"5.84",352,"1.2","17.6","2.5"
"5/7/2019",127,"5.81",346,"1.3","18.3","2.4"
"5/8/2019",128,"5.88",343,"1.4","20.0","2.0"
"5/9/2019",129,"5.16",375,"1.6","21.9","3.3"
"5/10/2019",130,"3.37",207,"1.4","17.5","1.7"
"5/11/2019",131,"6.18",356,"1.4","20.7","1.3"
"5/12/2019",132,"6.94",355,"1.4","22.7","2.2"
"5/13/2019",133,"7.04",350,"1.1","21.8","2.9"
"5/14/2019",134,"6.10",304,"1.2","20.6","2.6"
"5/15/2019",135,"2.84",145,"1.3","18.1","2.2"
"5/16/2019",136,"3.79",244,"1.3","14.2","2.7"
"5/17/2019",137,"5.57",335,"1.1","14.9","3.2"
"5/18/2019",138,"2.81",183,"1.2","14.0","2.3"
"5/19/2019",139,"3.17",217,"1.2","12.8","2.7"
"5/20/2019",140,"5.14",335,"1.1","14.2","1.9"
"5/21/2019",141,"3.79",240,"1.2","13.4","2.9"
"5/22/2019",142,"3.75",235,"1.2","14.9","2.3"
"5/23/2019",143,"4.89",277,"1.4","17.1","2.5"
"5/24/2019",144,"5.63",333,"1.5","18.9","1.5"
"5/25/2019",145,"6.49",349,"1.3","19.9","2.5"
"5/26/2019",146,"1.33",111,"1.1","11.7","1.8"
"5/27/2019",147,"3.37",230,"1.1","13.3","1.4"
"5/28/2019",148,"2.99",196,"1.4","17.2","1.1"
"5/29/2019",149,"6.19",355,"1.6","21.6","1.5"
"5/30/2019",150,"6.95",360,"1.6","23.3","2.1"
"5/31/2019",151,"6.51",352,"1.5","21.9","2.2"
"6/1/2019",152,"6.95",360,"1.5","23.9","1.5"
"6/2/2019",153,"6.26",323,"1.7","24.0","1.8"
"6/3/2019",154,"6.87",358,"1.8","24.6","1.6"
"6/4/2019",155,"7.47",366,"2.0","27.6","2.0"
"6/5/2019",156,"7.79",364,"2.1","29.1","2.2"
"6/6/2019",157,"8.44",338,"1.3","25.1","4.3"
"6/7/2019",158,"7.65",369,"0.9","19.9","3.6"
"6/8/2019",159,"7.08",389,"1.0","20.7","1.8"
"6/9/2019",160,"7.07",357,"1.4","24.9","1.5"
"6/10/2019",161,"7.43",355,"1.6","27.6","1.5"
"6/11/2019",162,"7.40",348,"1.7","28.9","1.5"
"6/12/2019",163,"8.32",369,"1.8","30.5","2.2"
"6/13/2019",164,"7.96",369,"1.7","27.4","2.5"
"6/14/2019",165,"7.47",381,"1.5","25.5","2.2"
"6/15/2019",166,"7.34",367,"1.6","25.1","2.5"
"6/16/2019",167,"6.91",370,"1.6","23.8","2.2"
"6/17/2019",168,"7.17",352,"1.7","26.9","1.9"
"6/18/2019",169,"7.49",371,"2.0","28.6","1.8"
"6/19/2019",170,"7.98",371,"2.0","29.1","2.3"
"6/20/2019",171,"7.48",377,"1.7","25.0","2.8"
"6/21/2019",172,"7.33",378,"1.4","22.5","2.7"
"6/22/2019",173,"7.19",382,"1.4","24.4","1.6"
"6/23/2019",174,"7.85",378,"1.5","27.1","2.0"
"6/24/2019",175,"8.11",369,"1.5","27.4","2.3"
"6/25/2019",176,"8.12",371,"1.3","26.1","2.8"
"6/26/2019",177,"8.07",382,"1.2","23.1","3.6"
"6/27/2019",178,"7.43",379,"1.2","21.0","3.7"
"6/28/2019",179,"6.69",326,"1.2","21.6","2.5"
"6/29/2019",180,"7.47",379,"1.3","23.9","2.2"
"6/30/2019",181,"7.78",378,"1.2","24.8","2.4"
"7/1/2019",182,"8.13",387,"1.2","24.7","2.8"
"7/2/2019",183,"7.76",385,"1.1","23.8","2.5"
"7/3/2019",184,"7.39",380,"1.3","23.5","2.3"
"7/4/2019",185,"7.37",380,"1.4","24.3","1.9"
"7/5/2019",186,"7.53",378,"1.5","26.6","1.8"
"7/6/2019",187,"7.78",373,"1.5","26.8","1.9"
"7/7/2019",188,"7.13",334,"1.3","25.0","2.4"
"7/8/2019",189,"7.64",375,"1.2","23.5","2.7"
"7/9/2019",190,"7.31",372,"1.3","23.7","2.3"
"7/10/2019",191,"7.51",368,"1.6","25.4","2.6"
"7/11/2019",192,"8.04",481,"1.7","30.8","3.2"
"7/12/2019",193,"7.79",373,"1.7","28.0","2.2"
"7/13/2019",194,"8.18",376,"1.8","29.5","2.2"
"7/14/2019",195,"8.42",369,"1.6","29.0","2.7"
"7/15/2019",196,"8.38",380,"1.6","27.6","3.0"
"7/16/2019",197,"8.14",373,"1.6","26.6","3.0"
"7/17/2019",198,"7.21",363,"1.4","26.2","1.7"
"7/18/2019",199,"7.70",367,"1.6","27.4","2.2"
"7/19/2019",200,"7.25",364,"1.8","26.3","2.1"
"7/20/2019",201,"7.35",362,"1.8","25.9","2.4"
"7/21/2019",202,"7.18",356,"1.8","27.6","1.7"
"7/22/2019",203,"7.46",356,"1.9","30.0","1.8"
"7/23/2019",204,"6.59",284,"1.9","30.2","2.0"
"7/24/2019",205,"7.91",345,"1.8","30.5","2.2"
"7/25/2019",206,"6.95",298,"2.0","30.7","1.7"
"7/26/2019",207,"7.83",347,"1.9","31.0","2.2"
"7/27/2019",208,"7.61",359,"1.9","29.8","1.9"
"7/28/2019",209,"7.68",357,"2.0","30.9","1.8"
"7/29/2019",210,"7.97",351,"1.6","29.1","2.4"
"7/30/2019",211,"7.53",356,"1.5","26.4","2.4"
"7/31/2019",212,"7.20",351,"1.6","26.5","1.9"
"8/1/2019",213,"7.42",351,"1.6","26.7","2.3"
"8/2/2019",214,"7.11",356,"1.7","26.0","2.2"
"8/3/2019",215,"6.74",340,"1.8","28.1","1.5"
"8/4/2019",216,"7.65",348,"1.7","29.1","2.1"
"8/5/2019",217,"6.61",301,"1.8","27.7","2.2"
"8/6/2019",218,"7.19",329,"2.0","28.6","2.0"
"8/7/2019",219,"7.53",330,"1.7","28.1","2.6"
"8/8/2019",220,"7.16",467,"1.3","27.8","3.3"
"8/9/2019",221,"7.01",343,"1.3","23.6","2.7"
"8/10/2019",222,"7.01",340,"1.7","24.3","3.3"
"8/11/2019",223,"6.87",345,"1.5","23.8","2.8"
"8/12/2019",224,"6.80",341,"1.5","25.7","1.7"
"8/13/2019",225,"7.08",339,"1.6","27.3","1.7"
"8/14/2019",226,"7.19",338,"1.6","28.5","1.6"
"8/15/2019",227,"7.28",335,"1.6","29.3","1.8"
"8/16/2019",228,"7.37",335,"1.5","29.8","1.8"
"8/17/2019",229,"7.30",331,"1.6","27.1","2.5"
"8/18/2019",230,"6.70",331,"1.4","24.9","2.2"
"8/19/2019",231,"6.20",321,"1.6","24.3","2.1"
"8/20/2019",232,"6.58",325,"1.7","24.6","2.8"
"8/21/2019",233,"6.61",321,"1.6","25.4","2.3"
"8/22/2019",234,"6.23",308,"1.9","26.8","1.6"
"8/23/2019",235,"6.78",310,"2.0","29.3","2.1"
"8/24/2019",236,"6.70",303,"2.0","29.1","2.1"
"8/25/2019",237,"6.93",306,"1.7","29.5","2.2"
"8/26/2019",238,"6.64",296,"1.7","29.7","1.8"
"8/27/2019",239,"6.99",302,"1.7","30.4","2.0"
"8/28/2019",240,"6.99",303,"1.4","29.1","2.2"
"8/29/2019",241,"6.46",305,"1.7","26.3","2.6"
"8/30/2019",242,"6.06",305,"1.8","25.7","2.3"
"8/31/2019",243,"6.49",309,"1.6","27.1","1.8"
"9/1/2019",244,"6.38",298,"1.5","28.1","1.4"
"9/2/2019",245,"6.65",283,"1.6","29.4","2.2"
"9/3/2019",246,"6.62",290,"1.5","28.0","2.2"
"9/4/2019",247,"6.26",292,"1.6","28.9","1.5"
"9/5/2019",248,"5.50",300,"1.7","32.1","2.7"
"9/6/2019",249,"6.44",287,"1.5","27.6","2.3"
"9/7/2019",250,"6.14",285,"1.5","23.8","3.2"
"9/8/2019",251,"5.21",302,"1.5","21.0","2.0"
"9/9/2019",252,"5.75",298,"1.4","22.1","2.6"
"9/10/2019",253,"5.33",296,"1.3","20.9","2.8"
"9/11/2019",254,"5.18",294,"1.4","21.4","1.5"
"9/12/2019",255,"5.54",291,"1.4","23.8","1.5"
"9/13/2019",256,"5.72",284,"1.4","24.9","1.5"
"9/14/2019",257,"5.43",277,"1.4","25.9","1.2"
"9/15/2019",258,"5.17",223,"1.4","25.1","2.1"
"9/16/2019",259,"4.71",234,"1.5","20.1","3.2"
"9/17/2019",260,"4.57",279,"1.3","19.4","1.9"
"9/18/2019",261,"4.91",273,"1.3","20.5","2.1"
"9/19/2019",262,"5.01",276,"1.3","19.7","3.3"
"9/20/2019",263,"4.59",274,"1.2","19.2","1.3"
"9/21/2019",264,"4.71",272,"1.3","20.8","1.2"
"9/22/2019",265,"4.83",267,"1.3","22.6","1.1"
"9/23/2019",266,"5.11",262,"1.4","23.0","2.3"
"9/24/2019",267,"4.62",261,"1.6","23.0","1.3"
"9/25/2019",268,"4.70",252,"1.5","25.6","1.1"
"9/26/2019",269,"5.11",245,"1.7","25.8","2.1"
"9/27/2019",270,"4.31",248,"1.7","22.2","2.5"
"9/28/2019",271,"4.54",249,"1.1","18.1","3.4"
"9/29/2019",272,"3.99",257,"0.9","15.2","2.0"
"9/30/2019",273,"4.41",252,"0.9","15.1","3.0"
"10/1/2019",274,"3.89",254,"0.9","13.8","1.8"
"10/2/2019",275,"4.07",252,"0.9","15.1","1.3"
"10/3/2019",276,"4.28",247,"0.9","17.2","1.8"
"10/4/2019",277,"4.28",249,"0.9","16.9","2.6"
"10/5/2019",278,"3.91",239,"1.0","16.4","1.3"
"10/6/2019",279,"3.87",236,"1.1","19.4","0.9"
"10/7/2019",280,"4.09",234,"1.2","20.1","1.0"
"10/8/2019",281,"3.93",219,"1.2","19.7","1.2"
"10/9/2019",282,"4.73",226,"1.0","17.3","2.7"
"10/10/2019",283,"3.58",224,"0.8","14.5","1.2"
"10/11/2019",284,"3.71",220,"0.8","15.9","1.0"
"10/12/2019",285,"3.53",222,"0.8","15.8","0.9"
"10/13/2019",286,"3.95",221,"0.8","17.3","1.5"
"10/14/2019",287,"3.44",214,"0.9","15.5","1.3"
"10/15/2019",288,"3.48",212,"1.0","16.9","1.2"
"10/16/2019",289,"2.90",151,"1.0","17.4","1.4"
"10/17/2019",290,"4.21",201,"1.2","17.5","4.3"
"10/18/2019",291,"2.97",208,"1.0","14.6","1.7"
"10/19/2019",292,"3.07",198,"1.2","15.8","1.9"
"10/20/2019",293,"2.65",192,"1.3","16.2","1.6"
"10/21/2019",294,"3.03",204,"1.2","16.3","1.3"
"10/22/2019",295,"3.09",202,"1.3","17.8","0.9"
"10/23/2019",296,"3.18",197,"1.3","17.8","1.2"
"10/24/2019",297,"3.14",254,"1.3","22.5","1.0"
"10/25/2019",298,"3.18",202,"1.2","19.0","0.9"
"10/26/2019",299,"3.14",200,"1.1","17.7","1.0"
"10/27/2019",300,"3.08",174,"0.7","12.8","2.2"
"10/28/2019",301,"2.65",178,"0.7","11.7","1.1"
"10/29/2019",302,"2.82",190,"0.7","11.2","1.2"
"10/30/2019",303,"2.75",185,"0.6","10.5","1.3"
"10/31/2019",304,"2.69",191,"0.5","10.0","1.1"
"11/1/2019",305,"2.59",186,"0.6","10.9","0.8"
"11/2/2019",306,"2.72",185,"0.7","11.6","1.0"
"11/3/2019",307,"2.65",181,"0.8","12.4","0.9"
"11/4/2019",308,"2.66",175,"0.8","13.9","0.8"
"11/5/2019",309,"2.62",174,"0.8","14.2","0.8"
"11/6/2019",310,"2.51",164,"0.9","14.4","0.8"
"11/7/2019",311,"2.64",169,"0.9","14.8","0.9"
"11/8/2019",312,"2.46",167,"1.0","14.8","0.8"
"11/9/2019",313,"2.42",163,"1.0","13.6","0.9"
"11/10/2019",314,"2.45",159,"1.0","13.8","0.9"
"11/11/2019",315,"2.35",150,"1.0","14.4","0.8"
"11/12/2019",316,"2.47",155,"1.0","15.0","0.8"
"11/13/2019",317,"1.89",117,"1.0","14.7","0.8"
"11/14/2019",318,"2.26",136,"1.1","15.2","1.5"
"11/15/2019",319,"1.88",131,"1.2","13.0","1.6"
"11/16/2019",320,"1.97",148,"1.2","12.5","0.8"
"11/17/2019",321,"2.07",152,"1.2","13.4","0.9"
"11/18/2019",322,"2.05",153,"1.2","14.0","0.9"
"11/19/2019",323,"2.36",140,"1.1","13.4","2.1"
"11/20/2019",324,"1.24",91,"1.1","10.8","2.2"
"11/21/2019",325,"2.14",133,"1.0","12.3","1.7"
"11/22/2019",326,"1.83",134,"0.9","10.8","0.9"
"11/23/2019",327,"1.87",135,"0.9","10.7","0.9"
"11/24/2019",328,"1.83",134,"0.9","10.2","0.9"
"11/25/2019",329,"2.91",122,"0.7","9.7","3.1"
"11/26/2019",330,"2.07",93,"0.5","7.5","2.7"
"11/27/2019",331,"0.54",58,"0.9","7.2","2.7"
"11/28/2019",332,"0.45",55,"0.9","6.8","1.7"
"11/29/2019",333,"1.06",102,"0.8","6.6","1.8"
"11/30/2019",334,"0.57",35,"0.7","6.2","2.1"
"12/1/2019",335,"0.00",16,"1.2","9.6","1.5"
"12/2/2019",336,"1.53",108,"1.2","13.7","1.8"
"12/3/2019",337,"0.19",52,"1.3","11.1","1.2"
"12/4/2019",338,"0.23",40,"1.3","11.3","1.8"
"12/5/2019",339,"1.56",128,"1.1","11.5","1.1"
"12/6/2019",340,"1.83",62,"1.1","13.9","1.7"
"12/7/2019",341,"0.90",59,"1.5","15.0","3.1"
"12/8/2019",342,"0.58",63,"1.4","12.4","1.9"
"12/9/2019",343,"0.39",53,"1.1","8.9","1.1"
"12/10/2019",344,"1.03",102,"1.1","9.2","1.3"
"12/11/2019",345,"0.17",36,"1.2","9.5","1.6"
"12/12/2019",346,"1.53",118,"1.2","12.6","0.9"
"12/13/2019",347,"0.97",82,"1.3","12.8","1.2"
"12/14/2019",348,"1.42",105,"1.2","11.8","2.7"
"12/15/2019",349,"1.58",133,"0.9","8.5","2.3"
"12/16/2019",350,"1.36",135,"0.8","6.5","1.3"
"12/17/2019",351,"1.14",86,"0.7","6.7","1.0"
"12/18/2019",352,"1.40",91,"0.6","8.5","1.4"
"12/19/2019",353,"1.53",126,"0.7","6.8","0.9"
"12/20/2019",354,"1.52",116,"0.8","7.5","1.1"
"12/21/2019",355,"0.93",53,"0.9","9.7","1.6"
"12/22/2019",356,"0.57",34,"0.9","10.7","2.0"
"12/23/2019",357,"0.02",20,"1.1","8.4","1.6"
"12/24/2019",358,"0.79",88,"1.1","7.4","1.3"
"12/25/2019",359,"0.92",98,"1.1","7.5","2.4"
"12/26/2019",360,"1.10",106,"1.0","7.6","2.4"
"12/27/2019",361,"1.23",108,"0.9","7.2","1.5"
"12/28/2019",362,"1.47",130,"0.8","5.2","1.1"
"12/29/2019",363,"0.88",75,"0.9","6.4","1.3"
"12/30/2019",364,"0.54",64,"0.9","5.2","1.4"
"12/31/2019",365,"1.43",122,"0.8","6.0","1.0"
"1/1/2020",1,"1.43",116,"0.9","7.6","1.2"
"1/2/2020",2,"1.14",99,"0.9","6.3","1.1"
"1/3/2020",3,"1.50",122,"0.9","8.2","1.1"
"1/4/2020",4,"1.74",124,"1.0","9.7","1.7"
"1/5/2020",5,"0.48",52,"1.0","7.7","2.3"
"1/6/2020",6,"0.46",61,"1.0","6.8","1.2"
"1/7/2020",7,"0.16",38,"0.9","4.9","1.5"
"1/8/2020",8,"0.05",24,"0.9","6.1","1.6"
"1/9/2020",9,"0.55",67,"1.0","7.1","1.9"
"1/10/2020",10,"1.15",173,"0.9","8.1","1.4"
"1/11/2020",11,"1.55",134,"0.8","6.4","1.5"
"1/12/2020",12,"1.23",111,"0.8","5.6","1.3"
"1/13/2020",13,"1.31",134,"0.8","5.0","1.1"
"1/14/2020",14,"0.94",93,"0.8","6.9","1.5"
"1/15/2020",15,"1.58",142,"0.8","6.2","1.2"
"1/16/2020",16,"1.49",104,"0.9","8.0","2.9"
"1/17/2020",17,"1.22",117,"0.8","5.6","1.3"
"1/18/2020",18,"0.92",98,"0.8","4.8","1.5"
"1/19/2020",19,"0.43",53,"0.9","6.8","1.2"
"1/20/2020",20,"0.62",60,"1.0","8.5","1.7"
"1/21/2020",21,"1.64",131,"1.1","11.3","1.1"
"1/22/2020",22,"1.30",102,"1.2","11.4","1.3"
"1/23/2020",23,"1.56",133,"1.1","10.2","1.0"
"1/24/2020",24,"0.90",81,"1.2","10.7","1.3"
"1/25/2020",25,"1.22",99,"1.2","11.6","1.2"
"1/26/2020",26,"1.25",93,"1.3","12.5","2.2"
"1/27/2020",27,"1.67",160,"1.0","8.8","1.6"
"1/28/2020",28,"1.77",141,"1.1","10.7","1.5"
"1/29/2020",29,"0.53",60,"1.0","8.2","1.7"
"1/30/2020",30,"1.73",140,"1.0","8.9","1.0"
"1/31/2020",31,"1.78",142,"1.0","10.3","0.9"
"2/1/2020",32,"2.06",170,"1.1","11.1","1.1"
"2/2/2020",33,"2.23",148,"0.9","8.7","2.8"
"2/3/2020",34,"2.15",181,"0.5","5.3","3.2"
"2/4/2020",35,"1.90",179,"0.5","4.4","1.2"
"2/5/2020",36,"1.92",167,"0.5","5.4","1.2"
"2/6/2020",37,"2.07",179,"0.6","7.8","0.9"
"2/7/2020",38,"2.27",182,"0.7","9.2","1.0"
"2/8/2020",39,"2.38",179,"0.8","10.4","1.5"
"2/9/2020",40,"1.92",154,"0.7","8.1","1.7"
"2/10/2020",41,"2.27",190,"0.7","7.2","1.5"
"2/11/2020",42,"2.51",191,"0.7","8.5","1.0"
"2/12/2020",43,"2.68",189,"0.7","8.6","1.1"
"2/13/2020",44,"2.70",263,"0.8","15.6","1.3"
"2/14/2020",45,"2.43",188,"0.9","9.8","1.2"
"2/15/2020",46,"2.59",179,"0.9","10.0","1.1"
"2/16/2020",47,"3.00",187,"0.9","11.7","1.7"
"2/17/2020",48,"2.58",189,"0.9","10.0","1.4"
"2/18/2020",49,"2.83",194,"0.9","10.7","1.4"
"2/19/2020",50,"2.91",204,"0.8","9.7","1.0"
"2/20/2020",51,"3.02",275,"0.7","17.4","1.4"
"2/21/2020",52,"2.56",161,"0.8","12.7","1.4"
"2/22/2020",53,"1.77",101,"1.1","14.0","2.1"
"2/23/2020",54,"2.79",199,"1.0","12.2","1.5"
"2/24/2020",55,"2.74",209,"1.0","12.0","1.2"
"2/25/2020",56,"3.02",211,"1.1","13.5","1.2"
"2/26/2020",57,"3.57",222,"0.8","15.1","1.2"
"2/27/2020",58,"3.21",202,"0.9","14.5","1.0"
"2/28/2020",59,"3.72",206,"0.9","16.9","1.3"
"2/29/2020",60,"3.96",219,"0.8","15.8","2.5"
"3/1/2020",61,"2.13",122,"0.8","10.1","2.6"
"3/2/2020",62,"2.97",231,"0.7","9.1","1.4"
"3/3/2020",63,"3.25",230,"0.8","12.4","1.1"
"3/4/2020",64,"3.47",222,"0.8","14.7","1.0"
"3/5/2020",65,"3.53",209,"0.9","16.1","1.1"
"3/6/2020",66,"3.64",232,"1.1","16.0","1.8"
"3/7/2020",67,"1.23",93,"1.0","11.8","1.8"
"3/8/2020",68,"2.64",176,"0.9","11.5","1.6"
"3/9/2020",69,"3.09",204,"0.9","13.6","1.3"
"3/10/2020",70,"2.36",149,"1.1","13.5","2.0"
"3/11/2020",71,"3.39",230,"1.3","15.5","1.6"
"3/12/2020",72,"3.32",309,"1.3","18.9","1.6"
"3/13/2020",73,"4.37",244,"1.2","16.1","3.6"
"3/14/2020",74,"2.97",147,"1.0","14.1","3.8"
"3/15/2020",75,"2.27",117,"1.0","12.7","4.0"
"3/16/2020",76,"0.25",36,"1.0","8.3","2.8"
"3/17/2020",77,"2.87",222,"0.8","8.4","1.8"
"3/18/2020",78,"3.51",264,"0.8","9.3","1.9"
"3/19/2020",79,"1.55",127,"1.0","9.5","1.7"
"3/20/2020",80,"3.51",261,"0.8","10.7","1.3"
"3/21/2020",81,"1.59",115,"1.1","12.4","2.2"
"3/22/2020",82,"3.26",224,"1.2","14.1","1.6"
"3/23/2020",83,"2.68",193,"1.2","13.4","2.1"
"3/24/2020",84,"1.30",102,"1.0","11.8","2.3"
"3/25/2020",85,"2.26",169,"1.0","9.8","2.1"
"3/26/2020",86,"3.77",278,"0.8","9.2","1.9"
"3/27/2020",87,"3.73",285,"0.8","9.5","1.5"
"3/28/2020",88,"2.73",190,"0.9","10.8","1.7"
"3/29/2020",89,"2.63",190,"1.1","12.2","1.4"
"3/30/2020",90,"4.03",277,"1.1","13.0","1.5"
"3/31/2020",91,"4.40",289,"1.2","15.1","2.2"
"4/1/2020",92,"4.92",298,"1.0","14.0","3.4"
"4/2/2020",93,"4.42",305,"0.7","11.4","2.5"
"4/3/2020",94,"4.46",295,"0.7","11.9","1.8"
"4/4/2020",95,"3.74",247,"0.9","12.5","1.7"
"4/5/2020",96,"0.63",56,"1.2","12.2","3.4"
"4/6/2020",97,"2.80",203,"1.1","10.7","2.4"
"4/7/2020",98,"4.45",301,"1.0","12.9","2.3"
"4/8/2020",99,"1.92",144,"1.2","12.0","2.8"
"4/9/2020",100,"3.24",282,"1.1","13.2","2.5"
"4/10/2020",101,"4.09",285,"1.1","13.1","1.3"
"4/11/2020",102,"3.05",204,"1.3","14.8","1.2"
"4/12/2020",103,"3.71",243,"1.4","16.2","2.1"
"4/13/2020",104,"3.03",205,"1.3","15.3","1.5"
"4/14/2020",105,"5.11",318,"1.2","16.0","1.5"
"4/15/2020",106,"5.32",319,"1.2","17.7","1.4"
"4/16/2020",107,"5.37",298,"1.2","19.0","1.9"
"4/17/2020",108,"3.92",235,"1.4","16.3","2.1"
"4/18/2020",109,"2.50",166,"1.3","15.0","2.2"
"4/19/2020",110,"4.66",292,"1.3","16.3","1.8"
"4/20/2020",111,"0.97",86,"1.3","13.5","2.5"
"4/21/2020",112,"4.45",287,"1.3","15.6","2.3"
"4/22/2020",113,"5.65",323,"1.4","18.9","1.8"
"4/23/2020",114,"6.36",324,"1.4","20.6","2.6"
"4/24/2020",115,"5.88",326,"1.4","21.1","1.6"
"4/25/2020",116,"6.12",315,"1.6","23.1","1.7"
"4/26/2020",117,"6.34",309,"1.3","22.4","2.3"
"4/27/2020",118,"6.81",336,"1.1","21.6","3.0"
"4/28/2020",119,"6.00",329,"1.5","22.9","1.4"
"4/29/2020",120,"5.79",259,"1.7","23.8","2.5"
"4/30/2020",121,"8.08",343,"1.0","22.0","4.3"
"5/1/2020",122,"7.22",334,"0.7","20.1","3.1"
"5/2/2020",123,"6.84",343,"1.2","19.6","3.6"
"5/3/2020",124,"6.59",343,"1.1","19.3","3.3"
"5/4/2020",125,"6.52",351,"0.9","19.0","1.9"
"5/5/2020",126,"7.37",350,"0.9","21.1","2.7"
"5/6/2020",127,"6.71",327,"1.0","20.2","3.2"
"5/7/2020",128,"6.56",340,"1.1","21.5","1.6"
"5/8/2020",129,"6.69",331,"1.4","24.5","1.4"
"5/9/2020",130,"7.09",342,"1.3","25.6","1.7"
"5/10/2020",131,"7.13",344,"1.1","23.7","2.2"
"5/11/2020",132,"6.81",344,"0.8","20.9","2.1"
"5/12/2020",133,"5.47",280,"1.1","18.3","2.7"
"5/13/2020",134,"6.38",349,"1.0","18.1","3.4"
"5/14/2020",135,"7.17",464,"1.1","21.6","4.6"
"5/15/2020",136,"6.79",343,"1.2","19.8","3.8"
"5/16/2020",137,"6.48",341,"1.2","21.4","2.0"
"5/17/2020",138,"5.87",294,"1.4","20.9","2.5"
"5/18/2020",139,"4.51",249,"1.3","16.8","3.0"
"5/19/2020",140,"5.32",317,"1.1","15.5","2.6"
"5/20/2020",141,"6.41",359,"1.1","18.0","2.5"
"5/21/2020",142,"6.51",359,"1.2","20.6","1.9"
"5/22/2020",143,"7.70",357,"1.0","20.9","3.5"
"5/23/2020",144,"6.64",368,"0.9","19.9","1.7"
"5/24/2020",145,"7.11",361,"1.0","22.8","1.8"
"5/25/2020",146,"7.10",358,"1.3","25.7","1.4"
"5/26/2020",147,"7.54",355,"1.5","28.4","1.7"
"5/27/2020",148,"8.15",359,"1.6","30.0","2.0"
"5/28/2020",149,"8.28",364,"1.6","29.7","2.3"
"5/29/2020",150,"6.14",265,"1.5","26.3","2.1"
"5/30/2020",151,"6.66",340,"1.3","21.2","2.9"
"5/31/2020",152,"4.90",268,"1.5","20.8","1.7"
"6/1/2020",153,"4.97",250,"1.5","23.3","2.4"
"6/2/2020",154,"6.16",305,"1.6","24.9","1.5"
"6/3/2020",155,"7.86",347,"1.6","28.2","2.1"
"6/4/2020",156,"8.28",357,"1.5","29.2","2.3"
"6/5/2020",157,"5.83",281,"1.3","22.7","3.0"
"6/6/2020",158,"7.23",343,"1.0","19.1","3.8"
"6/7/2020",159,"7.72",378,"0.8","17.4","4.9"
"6/8/2020",160,"6.72",377,"0.9","19.0","2.2"
"6/9/2020",161,"7.13",371,"1.0","22.4","1.7"
"6/10/2020",162,"7.46",368,"1.3","25.4","1.7"
"6/11/2020",163,"7.24",463,"1.3","31.5","2.5"
"6/12/2020",164,"7.59",335,"1.2","22.3","3.7"
"6/13/2020",165,"7.27",369,"1.0","19.0","3.7"
"6/14/2020",166,"7.07",370,"1.2","21.2","2.7"
"6/15/2020",167,"7.21",331,"1.4","23.9","2.9"
"6/16/2020",168,"7.72",373,"1.1","21.4","3.8"
"6/17/2020",169,"6.79",374,"1.2","21.4","1.8"
"6/18/2020",170,"7.73",370,"1.1","25.1","1.9"
"6/19/2020",171,"8.05",368,"1.3","27.1","2.2"
"6/20/2020",172,"8.10",365,"1.4","27.9","2.3"
"6/21/2020",173,"7.98",370,"1.5","26.9","2.7"
"6/22/2020",174,"7.51",359,"1.6","28.4","1.9"
"6/23/2020",175,"7.86",446,"1.8","33.5","2.7"
"6/24/2020",176,"6.75",298,"1.7","29.3","1.9"
"6/25/2020",177,"7.61",452,"1.8","32.7","2.2"
"6/26/2020",178,"7.23",332,"1.9","29.8","1.7"
"6/27/2020",179,"8.40",333,"1.8","31.0","2.6"
"6/28/2020",180,"7.73",349,"1.1","23.8","3.0"
"6/29/2020",181,"6.87",343,"1.1","21.5","2.2"
"6/30/2020",182,"7.43",344,"1.2","25.5","1.9"
"7/1/2020",183,"7.69",345,"1.2","26.3","2.0"
"7/2/2020",184,"7.39",343,"1.3","25.3","2.1"
"7/3/2020",185,"7.74",345,"1.3","25.8","2.4"
"7/4/2020",186,"7.78",352,"1.2","26.9","2.1"
"7/5/2020",187,"8.39",352,"1.2","27.6","2.7"
"7/6/2020",188,"8.41",355,"1.0","26.3","3.0"
"7/7/2020",189,"7.67",354,"1.0","24.3","2.6"
"7/8/2020",190,"7.27",352,"1.1","26.1","1.7"
"7/9/2020",191,"7.80",345,"1.3","27.8","2.0"
"7/10/2020",192,"7.51",339,"1.3","28.9","1.8"
"7/11/2020",193,"8.14",331,"1.4","30.6","2.1"
"7/12/2020",194,"8.44",333,"1.3","30.9","2.3"
"7/13/2020",195,"8.14",336,"1.2","29.5","2.3"
"7/14/2020",196,"7.36",333,"1.4","26.9","2.0"
"7/15/2020",197,"7.12",324,"1.6","26.9","2.0"
"7/16/2020",198,"7.58",322,"1.6","28.1","2.4"
"7/17/2020",199,"7.52",323,"1.5","28.1","2.4"
"7/18/2020",200,"7.30",327,"1.7","28.2","2.1"
"7/19/2020",201,"7.65",323,"1.6","28.6","2.5"
"7/20/2020",202,"7.53",321,"1.5","27.4","2.7"
"7/21/2020",203,"5.86",258,"1.5","26.7","2.3"
"7/22/2020",204,"7.07",329,"1.5","25.9","2.3"
"7/23/2020",205,"6.65",428,"1.6","28.7","2.2"
"7/24/2020",206,"7.14",322,"1.5","26.9","2.2"
"7/25/2020",207,"7.16",325,"1.6","27.3","2.2"
"7/26/2020",208,"7.20",321,"1.6","28.5","2.0"
"7/27/2020",209,"7.52",322,"1.5","28.5","2.3"
"7/28/2020",210,"7.83",323,"1.4","28.6","2.4"
"7/29/2020",211,"7.89",321,"1.4","29.0","2.4"
"7/30/2020",212,"7.67",325,"1.5","28.4","2.3"
"7/31/2020",213,"7.91",327,"1.3","27.8","2.5"
"8/1/2020",214,"7.51",330,"1.2","27.0","2.2"
"8/2/2020",215,"7.25",327,"1.3","27.4","1.8"
"8/3/2020",216,"7.71",326,"1.3","27.9","2.5"
"8/4/2020",217,"7.10",320,"1.4","26.5","2.1"
"8/5/2020",218,"6.87",317,"1.4","23.8","3.0"
"8/6/2020",219,"6.12",314,"1.5","22.5","2.3"
"8/7/2020",220,"6.45",307,"1.6","25.6","1.8"
"8/8/2020",221,"6.73",304,"1.5","27.3","1.8"
"8/9/2020",222,"7.14",304,"1.7","29.1","2.1"
"8/10/2020",223,"7.16",301,"1.7","29.3","2.2"
"8/11/2020",224,"7.20",302,"1.5","28.3","2.3"
"8/12/2020",225,"6.57",306,"1.6","27.9","1.5"
"8/13/2020",226,"3.05",137,"1.8","27.3","1.5"
"8/14/2020",227,"6.50",291,"1.8","30.4","1.4"
"8/15/2020",228,"5.53",224,"2.0","31.1","1.5"
"8/16/2020",229,"7.71",281,"2.0","33.1","2.5"
"8/17/2020",230,"7.29",271,"2.1","32.4","2.4"
"8/18/2020",231,"6.55",252,"2.1","32.0","2.1"
"8/19/2020",232,"6.24",227,"1.6","30.3","2.3"
"8/20/2020",233,"5.19",303,"1.4","29.7","1.7"
"8/21/2020",234,"5.64",238,"1.6","26.3","1.7"
"8/22/2020",235,"4.55",217,"2.0","26.9","1.3"
"8/23/2020",236,"4.08",182,"2.0","27.5","1.3"
"8/24/2020",237,"5.65",237,"1.8","29.2","1.8"
"8/25/2020",238,"6.09",258,"1.9","28.3","2.3"
"8/26/2020",239,"6.25",266,"1.8","28.1","2.3"
"8/27/2020",240,"6.30",273,"1.5","26.7","2.2"
"8/28/2020",241,"6.08",282,"1.5","26.8","1.4"
"8/29/2020",242,"6.41",278,"1.4","27.3","1.9"
"8/30/2020",243,"5.94",260,"1.5","25.8","2.0"
"8/31/2020",244,"5.70",243,"1.6","26.3","1.8"
"9/1/2020",245,"5.46",243,"1.7","25.5","1.8"
"9/2/2020",246,"5.61",253,"1.6","25.3","2.1"
"9/3/2020",247,"5.22",248,"1.6","25.7","1.6"
"9/4/2020",248,"5.17",240,"1.8","26.7","1.3"
"9/5/2020",249,"5.71",246,"1.8","29.1","1.7"
"9/6/2020",250,"4.98",231,"2.0","29.3","1.2"
"9/7/2020",251,"4.92",209,"2.0","29.7","1.4"
"9/8/2020",252,"5.87",229,"1.5","26.9","2.1"
"9/9/2020",253,"3.21",137,"1.2","24.2","1.1"
"9/10/2020",254,"2.33",178,"1.5","23.7","0.9"
"9/11/2020",255,"1.60",111,"1.6","18.7","0.7"
"9/12/2020",256,"2.38",143,"1.6","19.0","0.7"
"9/13/2020",257,"3.20",175,"1.5","20.8","0.8"
"9/14/2020",258,"3.93",194,"1.5","22.8","1.3"
"9/15/2020",259,"3.63",193,"1.7","21.8","1.0"
"9/16/2020",260,"3.61",197,"1.7","22.1","0.9"
"9/17/2020",261,"3.24",208,"1.6","26.6","1.4"
"9/18/2020",262,"4.00",165,"1.5","23.6","3.0"
"9/19/2020",263,"4.76",239,"1.5","22.1","2.5"
"9/20/2020",264,"4.17",219,"1.5","21.6","1.2"
"9/21/2020",265,"4.64",232,"1.3","23.5","1.1"
"9/22/2020",266,"5.22",221,"1.2","24.1","2.0"
"9/23/2020",267,"4.67",228,"1.1","22.6","1.4"
"9/24/2020",268,"4.92",237,"1.4","23.3","2.1"
"9/25/2020",269,"4.93",233,"1.3","22.8","2.4"
"9/26/2020",270,"4.71",228,"1.4","23.0","1.8"
"9/27/2020",271,"3.87",200,"1.6","23.3","1.3"
"9/28/2020",272,"3.68",192,"1.6","24.0","1.0"
"9/29/2020",273,"4.43",208,"1.4","26.0","1.1"
"9/30/2020",274,"3.62",184,"1.5","23.8","0.9"
"10/1/2020",275,"3.62",180,"1.5","24.4","0.9"
"10/2/2020",276,"3.85",185,"1.4","24.1","1.1"
"10/3/2020",277,"3.48",177,"1.5","23.4","1.0"
"10/4/2020",278,"3.77",180,"1.4","23.5","1.1"
"10/5/2020",279,"3.27",171,"1.4","22.4","1.0"
"10/6/2020",280,"3.16",156,"1.3","22.3","1.1"
"10/7/2020",281,"3.36",167,"1.3","21.8","1.2"
"10/8/2020",282,"3.07",150,"1.3","20.4","1.7"
"10/9/2020",283,"2.88",169,"1.3","17.7","1.4"
"10/10/2020",284,"3.29",174,"1.4","19.1","1.8"
"10/11/2020",285,"3.48",196,"1.5","19.8","2.2"
"10/12/2020",286,"3.41",191,"1.3","19.9","1.1"
"10/13/2020",287,"3.48",186,"1.3","20.6","1.1"
"10/14/2020",288,"3.15",172,"1.4","21.0","1.2"
"10/15/2020",289,"3.15",178,"1.4","21.4","0.9"
"10/16/2020",290,"3.10",177,"1.4","21.6","0.8"
"10/17/2020",291,"3.25",179,"1.4","21.4","1.0"
"10/18/2020",292,"3.38",179,"1.3","21.2","1.1"
"10/19/2020",293,"3.27",180,"1.3","20.4","1.0"
"10/20/2020",294,"3.18",248,"1.3","23.6","1.2"
"10/21/2020",295,"2.56",151,"1.3","19.3","0.9"
"10/22/2020",296,"3.20",174,"1.2","19.4","1.4"
"10/23/2020",297,"2.82",173,"1.0","16.8","1.1"
"10/24/2020",298,"2.64",164,"1.1","16.5","1.2"
"10/25/2020",299,"2.36",135,"1.2","15.1","2.2"
"10/26/2020",300,"2.06",133,"0.7","11.6","1.3"
"10/27/2020",301,"2.16",144,"0.8","12.4","1.0"
"10/28/2020",302,"2.57",166,"0.7","13.3","0.9"
"10/29/2020",303,"2.62",164,"0.7","14.0","0.8"
"10/30/2020",304,"2.53",161,"0.8","14.4","0.8"
"10/31/2020",305,"2.39",154,"0.9","14.3","0.8"
"11/1/2020",306,"2.54",147,"0.9","15.1","1.0"
"11/2/2020",307,"2.33",134,"0.9","15.5","1.0"
"11/3/2020",308,"2.48",143,"1.0","15.3","1.0"
"11/4/2020",309,"2.33",140,"1.0","14.9","0.9"
"11/5/2020",310,"1.99",121,"1.0","15.2","0.9"
"11/6/2020",311,"2.30",93,"0.9","12.5","3.0"
"11/7/2020",312,"0.88",75,"0.9","9.0","2.2"
"11/8/2020",313,"1.48",94,"0.8","8.1","2.6"
"11/9/2020",314,"1.82",151,"0.7","6.0","1.2"
"11/10/2020",315,"1.90",148,"0.7","6.7","1.0"
"11/11/2020",316,"1.77",126,"0.7","8.5","1.1"
"11/12/2020",317,"1.82",134,"0.8","10.0","1.0"
"11/13/2020",318,"2.07",129,"0.8","11.1","1.2"
"11/14/2020",319,"2.00",147,"1.1","12.3","1.9"
"11/15/2020",320,"1.90",141,"1.0","10.5","0.9"
"11/16/2020",321,"1.97",141,"1.0","11.5","1.0"
"11/17/2020",322,"1.97",80,"0.9","16.6","1.6"
"11/18/2020",323,"1.11",76,"1.3","14.1","2.2"
"11/19/2020",324,"1.89",138,"1.1","11.9","2.1"
"11/20/2020",325,"0.99",86,"1.0","9.4","1.0"
"11/21/2020",326,"1.43",117,"1.0","8.9","1.0"
"11/22/2020",327,"1.63",131,"0.9","9.1","0.9"
"11/23/2020",328,"1.82",133,"0.9","9.6","1.4"
"11/24/2020",329,"1.63",131,"0.9","9.0","1.0"
"11/25/2020",330,"1.95",178,"0.9","12.9","2.7"
"11/26/2020",331,"1.64",134,"0.7","7.6","1.5"
"11/27/2020",332,"1.67",137,"0.7","7.2","0.9"
"11/28/2020",333,"1.80",137,"0.6","7.0","0.9"
"11/29/2020",334,"1.69",134,"0.6","6.8","0.9"
"11/30/2020",335,"1.73",132,"0.7","7.4","0.9"
"12/1/2020",336,"1.65",126,"0.7","7.6","0.9"
"12/2/2020",337,"1.72",126,"0.7","7.8","1.0"
"12/3/2020",338,"1.89",125,"0.6","9.8","0.9"
"12/4/2020",339,"1.72",124,"0.6","8.2","1.1"
"12/5/2020",340,"1.87",123,"0.6","9.8","1.1"
"12/6/2020",341,"1.54",108,"0.7","8.5","1.2"
"12/7/2020",342,"1.53",116,"0.7","7.0","1.1"
"12/8/2020",343,"1.40",99,"0.7","7.8","1.2"
"12/9/2020",344,"1.92",126,"0.7","10.6","1.4"
"12/10/2020",345,"1.48",117,"0.7","8.2","0.9"
"12/11/2020",346,"1.17",90,"0.7","7.9","1.1"
"12/12/2020",347,"0.37",46,"1.1","9.5","2.0"
"12/13/2020",348,"0.18",29,"1.1","9.6","2.0"
"12/14/2020",349,"0.92",81,"1.0","8.3","2.3"
"12/15/2020",350,"1.20",109,"0.9","6.7","1.1"
"12/16/2020",351,"1.21",111,"0.9","7.1","1.0"
"12/17/2020",352,"0.89",77,"1.0","9.6","2.0"
"12/18/2020",353,"0.71",78,"0.9","6.3","1.3"
"12/19/2020",354,"1.13",107,"0.9","6.3","1.2"
"12/20/2020",355,"0.37",58,"0.9","4.8","1.0"
"12/21/2020",356,"0.58",74,"0.9","5.0","1.3"
"12/22/2020",357,"0.03",23,"0.9","5.0","1.7"
"12/23/2020",358,"0.18",35,"0.9","5.6","1.4"
"12/24/2020",359,"0.67",71,"0.8","4.9","1.2"
"12/25/2020",360,"0.92",60,"0.7","7.3","1.6"
"12/26/2020",361,"1.41",90,"1.0","11.3","2.6"
"12/27/2020",362,"0.57",62,"1.0","8.4","1.4"
"12/28/2020",363,"1.30",100,"1.0","9.6","2.6"
"12/29/2020",364,"1.33",119,"0.9","6.9","1.2"
"12/30/2020",365,"1.25",114,"0.8","6.6","1.1"
