,DATE,LAI,TA_F,SW_IN_F,LE,H,LE_C,H_C,ET
0,2019-01-01,0.8778225806451614,277.76997916666664,146.145,60.07403,-17.901564,53.22055,-2.0382643,2.0846452075903614
1,2019-01-02,0.8818548387096775,277.15675,141.72291666666666,58.2917,-11.199122,51.606216,0.51664096,2.021594642096641
2,2019-01-03,0.8864919354838712,276.5638333333333,148.90666666666667,60.508358,-10.566204,55.12154,2.3166308,2.0972771286604117
3,2019-01-04,0.8917338709677423,276.39425,151.34895833333334,62.12631,-11.867756,56.02244,2.5761402,2.1530090026796374
4,2019-01-05,0.8969292803970225,276.263625,152.17833333333334,60.981354,-17.972124,54.64127,-1.4597474,2.113067946897034
5,2019-01-06,0.9020781637717125,276.3468958333333,149.27645833333335,60.432022,-12.347679,54.666363,0.015742937,2.0941986278950577
6,2019-01-07,0.9071805210918115,276.2253125,150.171875,59.1141,-13.686897,54.738926,-0.36482003,2.048291246404045
7,2019-01-08,0.9122363523573199,275.24129166666665,150.73145833333334,57.436604,-6.9178185,52.649654,5.4734325,1.9883263852982014
8,2019-01-09,0.9172456575682384,273.06391666666667,155.475,42.818073,2.266585,40.89728,15.889476,1.4793246060408138
9,2019-01-10,0.9222084367245659,273.8850833333333,155.30729166666666,54.97948,-8.037106,51.02479,5.733587,1.9008941822038492
10,2019-01-11,0.9273263027295288,275.278375,158.59416666666667,60.535675,-10.013595,56.780685,2.1188304,2.0956817045676135
11,2019-01-12,0.9325992555831268,277.7499583333333,153.37229166666665,62.947437,-10.931632,59.533855,0.589428,2.184313450576335
12,2019-01-13,0.93802729528536,277.1525625,138.51270833333334,53.60963,-11.90589,49.492966,-1.9054724,1.8592099296155753
13,2019-01-14,0.9436104218362282,276.52385416666664,39.8125,9.312333,-13.571515,4.283222,-10.051751,0.3227619997560625
14,2019-01-15,0.9493486352357324,278.3067708333333,81.16270833333333,25.961952,-1.3690785,21.266016,-1.9832987,0.9013858127344153
15,2019-01-16,0.9552419354838712,277.3967916666666,119.68624999999999,38.011078,-4.9361877,32.77149,1.7383083,1.318554939284332
16,2019-01-17,0.9612903225806452,278.37312499999996,94.57645833333333,31.344759,0.16127641,25.694534,1.9004894,1.0883451066607257
17,2019-01-18,0.9677419354838707,281.13420833333333,34.706250000000004,10.493231,-16.270124,2.8842335,-10.269933,0.36535543438496654
18,2019-01-19,0.974193548387097,277.38960416666663,114.83083333333333,42.250515,-3.8245142,33.807137,3.1517112,1.4656053149428225
19,2019-01-20,0.9806451612903228,276.56972916666666,96.94729166666667,30.617224,4.633202,23.69625,4.3440037,1.0612280088019685
20,2019-01-21,0.9870967741935482,283.0897708333333,68.65979166666666,23.39441,-16.641716,15.022252,-7.99171,0.8162087115152729
21,2019-01-22,0.9935483870967744,283.8565833333333,89.996875,27.637857,-3.6620872,20.463995,1.0480808,0.9650416716634848
22,2019-01-23,1.0,281.74966666666666,151.25312499999998,54.64307,2.9019158,50.355865,5.9124928,1.9037797610906542
23,2019-01-24,1.006451612903226,279.91081249999996,169.98708333333335,69.78917,0.40151453,65.73444,6.5474935,2.426914099843456
24,2019-01-25,1.0129032258064516,279.79193749999996,132.77145833333333,56.579998,-5.772451,47.56371,0.36777684,1.9673306384970475
25,2019-01-26,1.0191532258064515,279.03666666666663,157.11104166666667,62.12297,8.958902,55.527298,11.965362,2.158434038939806
26,2019-01-27,1.0264112903225808,282.38654166666663,89.68895833333333,32.79201,-4.031864,25.167908,-1.305344,1.1432389485131873
27,2019-01-28,1.0346774193548387,283.74829166666666,126.015625,44.28894,3.0252306,36.711872,4.2683334,1.5462758862451607
28,2019-01-29,1.0439516129032258,284.91293749999994,54.609375,18.66327,-6.183037,7.1324964,-3.8156211,0.6524103492049255
29,2019-01-30,1.054233870967742,283.9768125,123.395,41.981876,6.8772855,33.003124,9.161311,1.4660849507169933
30,2019-01-31,1.0655241935483877,280.51843749999995,107.49104166666666,41.0808,-12.329251,31.323286,-5.8995824,1.4294607504915244
31,2019-02-01,1.0778225806451611,276.2437708333333,183.2747916666667,48.89656,18.547693,44.57686,23.894432,1.694285259222701
32,2019-02-02,1.0911290322580645,276.52722916666664,183.08833333333334,58.624924,16.729158,53.22575,18.560003,2.031924575236794
33,2019-02-03,1.105443548387097,279.29806249999996,181.98041666666666,75.95062,-3.8633564,68.32447,4.5847564,2.639556394366786
34,2019-02-04,1.119959677419355,281.5150208333333,180.23583333333332,80.87144,-7.1286693,70.66878,0.3973038,2.8169007432299673
35,2019-02-05,1.1346774193548388,280.70099999999996,177.77583333333334,78.19284,-6.1520514,67.630165,0.20085351,2.7213288448794604
36,2019-02-06,1.1495967741935489,281.0411458333333,185.11687500000002,82.521194,-7.0240593,72.538376,0.12139976,2.8729656746862537
37,2019-02-07,1.1647177419354842,280.3923333333333,178.970625,75.375,-0.3429656,66.712135,4.475717,2.622437052311382
38,2019-02-08,1.1800403225806455,279.51370833333334,73.94229166666666,24.206266,-2.9279625,16.068583,-2.97626,0.8414358581600774
39,2019-02-09,1.1955645161290325,283.49022916666667,119.57958333333333,43.667522,1.0759416,35.325268,1.7697906,1.5241628468524746
40,2019-02-10,1.2112903225806455,283.04664583333334,158.7175,71.506874,-10.604463,58.23676,-3.6361933,2.4946936145133307
41,2019-02-11,1.2270161290322588,284.5162291666666,195.82895833333336,82.88772,-14.55881,72.90827,-3.5679119,2.8962627563013252
42,2019-02-12,1.242741935483871,285.35162499999996,201.59770833333334,83.89326,-20.498976,71.19569,-9.267155,2.934040559966238
43,2019-02-13,1.2584677419354835,284.76166666666666,197.3997916666667,76.841255,-13.644019,66.86922,-8.392364,2.6856954482805815
44,2019-02-14,1.2741935483870968,283.49358333333333,171.655,57.6353,-6.676996,43.972515,-3.400795,2.0116986162762234
45,2019-02-15,1.2899193548387096,283.06818749999996,201.5079166666667,73.5961,-9.655262,61.701694,-3.4784305,2.567639641754611
46,2019-02-16,1.3056451612903228,283.8504583333333,143.909375,47.31941,-17.349066,31.46665,-10.148111,1.652259171629696
47,2019-02-17,1.3213709677419356,282.9086875,164.51395833333333,63.297268,-6.2396693,50.507996,-5.179822,2.2079608659507586
48,2019-02-18,1.3370967741935484,282.7930416666666,184.33624999999998,68.04086,-3.8242834,53.017086,-1.8777717,2.3731406891822173
49,2019-02-19,1.353225806451613,284.11443749999995,198.54416666666668,81.97637,-12.421227,67.26554,-4.6590133,2.8631870950458107
50,2019-02-20,1.3677419354838711,283.04979166666664,203.54929166666668,81.54673,0.31442562,66.333885,3.4348803,2.844968166324989
51,2019-02-21,1.3806451612903228,282.1056458333333,178.45860416666665,79.07458,-0.30065164,54.43965,2.507942,2.75599732371146
52,2019-02-22,1.3919354838709677,284.80362499999995,182.49489583333335,80.562996,3.127784,59.08151,4.7237635,2.8159020013475833
53,2019-02-23,1.401612903225806,285.409375,186.436,73.332634,12.876137,52.200512,12.808728,2.5648592596988475
54,2019-02-24,1.409677419354839,285.67425,202.8144583333333,55.915756,-12.223733,31.314175,-2.2918313,1.9562549221606664
55,2019-02-25,1.4161290322580646,284.19981249999995,206.24554166666667,,,,,
56,2019-02-26,1.4209677419354838,283.7990625,212.25827083333334,,,,,
57,2019-02-27,1.4229838709677425,283.98774999999995,214.66616666666667,,,,,
58,2019-02-28,1.4245967741935486,284.34262499999994,211.58066666666664,,,,,
59,2019-03-01,1.4258064516129032,284.9367291666667,165.41139583333333,,,,,
60,2019-03-02,1.4266129032258068,284.2626458333333,206.77472916666667,,,,,
61,2019-03-03,1.4270161290322585,286.21947916666664,218.49325,,,,,
62,2019-03-04,1.427016129032258,285.34712499999995,213.23668750000002,,,,,
63,2019-03-05,1.4266129032258066,282.0427291666667,170.66797916666667,,,,,
64,2019-03-06,1.4258064516129034,282.32491666666664,76.97433333333333,,,,,
65,2019-03-07,1.4254032258064513,283.88206249999996,205.67308333333332,,,,,
66,2019-03-08,1.4237903225806452,285.77779166666664,208.8088958333333,,,,,
67,2019-03-09,1.420967741935484,287.38906249999997,197.61920833333332,,,,,
68,2019-03-10,1.416935483870968,289.79862499999996,231.28814583333335,,,,,
69,2019-03-11,1.4116935483870972,286.0150208333333,234.5714375,,,,,
70,2019-03-12,1.405241935483871,283.30118749999997,234.358625,,,,,
71,2019-03-13,1.3975806451612902,285.2037291666666,141.62810416666667,,,,,
72,2019-03-14,1.388709677419355,287.21997916666663,246.93550000000002,,,,,
73,2019-03-15,1.3786290322580648,285.8753958333333,250.00410416666668,,,,,
74,2019-03-16,1.368548387096774,285.0061458333333,249.570125,,,,,
75,2019-03-17,1.358467741935484,283.4134583333333,247.94347916666666,,,,,
76,2019-03-18,1.3483870967741938,285.0583125,221.83779166666667,,,,,
77,2019-03-19,1.3383064516129035,285.5901666666667,202.28185416666668,,,,,
78,2019-03-20,1.3282258064516133,284.16968749999995,187.45258333333334,,,,,
79,2019-03-21,1.3181451612903228,283.1758333333333,233.82870833333334,,,,,
80,2019-03-22,1.3080645161290323,284.2119583333333,239.8748125,,,,,
81,2019-03-23,1.3,283.5825208333333,201.36458333333334,,,,,
82,2019-03-24,1.292943548387097,285.4548541666666,177.99166666666667,80.35956,-8.571217,45.926193,-11.475372,2.8107694664533693
83,2019-03-25,1.2868951612903223,287.7891041666666,246.21072916666665,86.7254,-13.373344,51.424072,-11.404416,3.041232911570983
84,2019-03-26,1.2818548387096778,287.36547916666666,252.57158333333334,75.38155,-2.6033547,45.8364,-7.7059956,2.6421880234890582
85,2019-03-27,1.2778225806451613,286.73527083333335,280.95875,66.25269,13.58933,41.02316,2.6460571,2.3205954947093517
86,2019-03-28,1.274798387096774,286.0252708333333,283.55958333333336,65.02054,16.71352,38.627014,6.9206223,2.27566359544861
87,2019-03-29,1.2727822580645165,285.35379166666667,249.90625,62.649216,10.793088,41.96713,1.1140852,2.1910672909384115
88,2019-03-30,1.2717741935483873,288.4973333333333,266.5733333333333,69.903656,17.829645,44.560944,2.056351,2.4532831740451924
89,2019-03-31,1.2693548387096771,284.78485416666666,72.064375,15.644361,5.704588,13.745683,0.8555584,0.5468030998636896
90,2019-04-01,1.2655241935483874,285.5345625,175.965,68.45432,-0.98137194,33.896984,-3.1083527,2.394562391461606
91,2019-04-02,1.2602822580645163,287.57895833333333,254.58041666666668,90.583496,11.249348,53.31841,6.326267,3.1757825414612713
92,2019-04-03,1.2536290322580643,286.82860416666665,285.7452083333333,87.602844,15.446851,50.00676,5.717882,3.068730921990415
93,2019-04-04,1.2455645161290323,285.137,290.3439583333333,70.10968,24.888918,40.00208,12.144916,2.451411005871673
94,2019-04-05,1.2360887096774194,281.7590833333333,90.16089583333333,9.158085,5.7079983,8.706013,4.43696,0.31907333131609267
95,2019-04-06,1.225201612903226,281.4215208333333,145.90229166666668,50.054543,8.246484,27.36931,1.1609391,1.743323748136607
96,2019-04-07,1.2129032258064516,283.69279166666666,166.024375,66.88714,5.506123,33.14833,1.7332797,2.335117344784135
97,2019-04-08,1.2008064516129031,285.74325,130.54625000000001,51.991352,4.083222,31.653786,0.68234235,1.8190933332644772
98,2019-04-09,1.1895161290322582,284.74304166666667,203.19145833333334,68.09846,14.090905,35.143734,7.185347,2.3800763150139206
99,2019-04-10,1.1790322580645165,283.4788333333333,201.12470833333336,0.0,-30.159395,0.0,-17.53029,0.0
100,2019-04-11,1.1693548387096775,283.84441666666663,256.03545833333334,0.9351229,-40.230267,0.76825416,-23.422733,0.032651622693048964
101,2019-04-12,1.1604838709677423,284.57691666666665,312.122,121.15325,-15.783183,51.033394,-10.432003,4.233612825464347
102,2019-04-13,1.1524193548387098,285.992625,326.49583333333334,44.39271,-7.5366073,28.831457,4.1627474,1.5536517667760923
103,2019-04-14,1.145161290322581,288.56079166666666,302.98577083333333,105.24967,-7.5487833,48.22128,-7.865519,3.6940224834004804
104,2019-04-15,1.138709677419355,291.70293749999996,228.67291666666665,90.95471,-19.776564,48.39555,-15.350139,3.203797333883774
105,2019-04-16,1.1318548387096774,291.6313125,300.1716666666667,105.38387,-6.126222,56.281345,-13.209128,3.71174250229261
106,2019-04-17,1.1245967741935483,292.6287708333333,212.03145833333335,82.74485,-18.385607,47.942356,-17.417452,2.917765429669092
107,2019-04-18,1.1169354838709675,285.03518749999995,108.01854166666668,36.45855,-0.27738944,18.215147,-1.7594861,1.274646491853848
108,2019-04-19,1.1088709677419355,285.845875,269.3041666666667,110.94619,5.9217076,51.13586,0.5317103,3.882261968888838
109,2019-04-20,1.1004032258064516,285.6139166666666,87.17458333333333,26.621832,1.8837868,17.92215,-2.5566688,0.931323745328439
110,2019-04-21,1.091532258064516,285.94525,90.22354166666668,33.39229,-10.309747,15.0127,-6.8245454,1.1685995613195055
111,2019-04-22,1.0822580645161288,286.460125,180.37520833333335,78.1278,-6.112093,35.694927,-3.1216402,2.7357097918876248
112,2019-04-23,1.0725806451612905,284.3390625,136.91395833333334,45.576138,-1.3618816,26.71953,-2.3310354,1.5922191168250859
113,2019-04-24,1.0635080645161288,285.88712499999997,202.137375,82.8281,-1.4138557,41.632656,-2.5797675,2.898475921958685
114,2019-04-25,1.05383064516129,287.1747083333333,158.44125,62.39443,1.1782284,28.866766,-1.210602,2.1865155708230777
115,2019-04-26,1.043548387096774,285.73575,334.758125,134.96765,-2.25641,56.135433,-1.7017668,4.722261288520961
116,2019-04-27,1.0326612903225805,288.52254166666665,330.56166666666667,132.04556,-13.167193,55.89047,-7.6273017,4.6342975123000505
117,2019-04-28,1.0211693548387095,292.36587499999996,323.2808333333333,126.76446,-15.670423,54.23827,-10.401337,4.468616999350829
118,2019-04-29,1.009072580645161,292.14743749999997,303.3539583333333,119.52186,-13.042981,56.299854,-8.226585,4.212230026555917
119,2019-04-30,0.9963709677419352,292.7204791666666,321.7808333333333,122.33036,-8.11461,54.512066,-6.5160484,4.314101913815012
120,2019-05-01,0.983064516129032,292.89856249999997,259.53685416666667,3.7608418,-40.650276,3.7410293,-19.920446,0.13265759051400067
121,2019-05-02,0.9691532258064516,291.63722916666666,266.0308333333333,,,,,
122,2019-05-03,0.955846774193548,289.62139583333334,274.8215,,,,,
123,2019-05-04,0.9431451612903224,289.9858125,320.31645833333334,,,,,
124,2019-05-05,0.9310483870967744,291.5574791666666,296.4471458333333,,,,,
125,2019-05-06,0.9195564516129032,291.950625,296.3820416666667,,,,,
126,2019-05-07,0.90866935483871,292.0867083333333,318.441375,,,,,
127,2019-05-08,0.8983870967741939,291.78687499999995,230.87412500000002,,,,,
128,2019-05-09,0.8887096774193551,291.40229166666666,155.4256875,,,,,
129,2019-05-10,0.8790322580645163,294.05649999999997,315.78460416666667,147.1245,12.815859,58.57638,-6.1944046,5.196689682670927
130,2019-05-11,0.8689516129032259,293.978,328.15725000000003,0.0,-61.37564,0.0,-30.121683,0.0
131,2019-05-12,0.8584677419354838,295.64185416666663,326.32560416666666,,,,,
132,2019-05-13,0.8475806451612903,296.1077708333333,336.3004583333333,,,,,
133,2019-05-14,0.8362903225806452,294.4105,332.9520625,,,,,
134,2019-05-15,0.8245967741935485,296.0870833333333,332.7721041666667,,,,,
135,2019-05-16,0.8125,295.9853958333333,333.4947291666667,,,,,
136,2019-05-17,0.8000000000000002,289.2097708333333,297.7104375,,,,,
137,2019-05-18,0.7870967741935487,288.2153125,257.99277083333334,,,,,
138,2019-05-19,0.774193548387097,289.67362499999996,288.39039583333334,,,,,
139,2019-05-20,0.7612903225806452,291.56227083333334,314.15710416666667,,,,,
140,2019-05-21,0.7483870967741937,293.5595,327.1777916666667,,,,,
141,2019-05-22,0.7354838709677421,295.1122708333333,334.39,,,,,
142,2019-05-23,0.7225806451612904,295.1060833333333,323.57645833333333,,,,,
143,2019-05-24,0.7096774193548386,295.65416666666664,212.90541666666664,93.58767,13.238308,43.8827,-9.213858,3.312009806015326
144,2019-05-25,0.6967741935483871,293.2597083333333,330.96166666666664,82.60495,23.757277,42.777084,0.9898241,2.9149956045998517
145,2019-05-26,0.6850806451612903,293.88860416666665,336.06874999999997,85.05645,22.107414,44.09782,1.2518083,3.0037404692262815
146,2019-05-27,0.6741935483870968,294.4010833333333,332.0729166666667,92.42359,16.919027,45.972076,-0.6056882,3.2658999684409125
147,2019-05-28,0.6641129032258064,298.4018958333333,334.3902083333333,93.00281,13.823134,46.754025,-2.918894,3.3023744101876655
148,2019-05-29,0.6548387096774195,296.0639375,344.47562500000004,81.06889,25.630411,42.613056,2.1700115,2.870399517009349
149,2019-05-30,0.6463709677419355,296.8240208333333,348.02660416666663,82.541756,31.912916,43.006737,1.5466912,2.925249377071143
150,2019-05-31,0.6387096774193548,297.4091041666666,344.98979166666663,86.096535,18.629871,43.122494,-3.0702543,3.0534120599836334
151,2019-06-01,0.6318548387096775,298.6656875,341.62125,89.352905,10.080588,42.71229,-6.304142,3.1738078655929436
152,2019-06-02,0.6258064516129033,298.90714583333335,339.41562500000003,89.06913,10.031037,42.59698,-6.1530495,3.164675188251743
153,2019-06-03,0.6193548387096774,299.21554166666664,326.6691666666667,88.13195,7.2607884,41.765663,-6.157341,3.132576604093799
154,2019-06-04,0.6133064516129033,297.90810416666665,341.0129166666667,81.56247,24.093718,42.653732,-1.5618744,2.8943843444864354
155,2019-06-05,0.6076612903225808,292.69424999999995,325.8283333333333,49.86949,54.93794,32.957493,9.987553,1.7586430991410837
156,2019-06-06,0.6024193548387097,292.0278958333333,337.42270833333333,76.3588,27.5689,39.76447,0.49568376,2.6906875569421196
157,2019-06-07,0.5975806451612904,292.1015833333333,316.96020833333336,69.25214,32.133442,40.012547,-3.9257429,2.4404767277555743
158,2019-06-08,0.5931451612903226,295.18160416666666,318.61125,81.9463,20.076866,42.055584,-0.32615662,2.8983791956897953
159,2019-06-09,0.5891129032258065,296.48310416666664,284.14270833333336,63.445538,21.931643,32.56822,-5.572576,2.247553539295411
160,2019-06-10,0.585483870967742,294.6361666666666,344.77045833333335,0.0,-44.645283,0.0,-12.362969,0.0
161,2019-06-11,0.5826612903225805,294.08120833333334,337.3229791666667,88.90948,68.36291,49.94909,-5.119517,3.140527590088758
162,2019-06-12,0.5798387096774195,294.71574999999996,319.62104166666666,66.66967,37.805115,39.42287,5.52517,2.356739643057911
163,2019-06-13,0.5770161290322581,296.1063541666667,260.08229166666666,63.82693,13.767082,34.900997,-8.227958,2.2600309074224114
164,2019-06-14,0.5741935483870969,294.97372916666666,327.2885416666667,57.148663,53.75207,36.88835,4.5281672,2.0208011267171915
165,2019-06-15,0.5713709677419355,293.21772916666663,352.53375,69.18647,43.61002,38.118126,9.306602,2.4413581264872266
166,2019-06-16,0.5685483870967741,294.6063541666667,256.9316666666667,63.751343,9.498289,33.17628,-1.3911152,2.2532834372257438
167,2019-06-17,0.565725806451613,296.1953541666666,341.1947916666667,83.6503,27.357962,44.434383,-1.826183,2.9622708014371955
168,2019-06-18,0.5629032258064516,296.063875,344.9554166666667,68.2816,40.094517,42.390755,3.3604524,2.4176407406138094
169,2019-06-19,0.5596774193548387,295.20629166666663,339.8908333333333,67.103676,49.449905,39.782993,8.5482645,2.373477211328384
170,2019-06-20,0.55625,295.8727708333333,340.4583333333333,67.96714,46.37383,39.799473,6.6785254,2.4059502566652196
171,2019-06-21,0.5526209677419355,296.5055208333333,338.9975,76.0503,33.815685,43.555477,0.7243121,2.6941497635298735
172,2019-06-22,0.5487903225806451,298.12589583333335,329.955625,78.55474,26.743086,40.858868,0.22334735,2.788397747276899
173,2019-06-23,0.544758064516129,300.7197708333333,327.70666666666665,82.73534,21.019001,44.55356,-6.6134267,2.9462995838824044
174,2019-06-24,0.5405241935483871,299.3533333333333,322.309375,77.529785,28.70996,44.28691,-3.9269207,2.7562041158673614
175,2019-06-25,0.5360887096774193,299.7775208333333,325.45958333333334,82.832535,24.92436,45.37938,-3.9322217,2.9462768240494643
176,2019-06-26,0.5314516129032258,300.27539583333333,278.535,63.70094,19.148458,33.16112,-5.0925183,2.267196482551697
177,2019-06-27,0.527016129032258,301.19737499999997,295.3258333333333,72.51469,19.349182,36.620533,-8.737569,2.5838867389231908
178,2019-06-28,0.5227822580645162,304.81860416666666,321.630625,90.557434,5.0068407,46.259502,-14.202313,3.2418031564819354
179,2019-06-29,0.5187499999999999,304.8026875,322.6502083333333,86.68519,7.352101,42.661682,-11.464497,3.1031191653405417
180,2019-06-30,0.5149193548387097,302.5704583333333,318.51354166666664,74.394035,26.955256,45.286633,-5.63892,2.655481068755327
181,2019-07-01,0.5112903225806452,301.5625416666666,327.67087499999997,67.641754,33.953804,39.833256,-1.2882392,2.411365582683553
182,2019-07-02,0.5078629032258064,300.78162499999996,319.286875,70.48629,33.121574,39.77891,-1.5659243,2.510292614631687
183,2019-07-03,0.5046370967741937,300.7407083333333,322.81625,70.56833,32.991817,37.811386,0.5627207,2.5130848367379364
184,2019-07-04,0.5016129032258064,299.881875,308.3229166666667,63.011395,36.781307,35.553967,0.07409426,2.2415495490054442
185,2019-07-05,0.4979838709677418,300.17425,316.7560416666667,69.13871,32.26436,37.3653,-0.1342367,2.4604214765940555
186,2019-07-06,0.4947580645161291,299.7390208333333,226.96437500000002,54.98935,7.98213,30.634302,-8.525546,1.9558263339627169
187,2019-07-07,0.4919354838709678,300.6374583333333,260.76395833333333,62.082016,16.13344,31.27255,-8.244287,2.2105822971230817
188,2019-07-08,0.489516129032258,297.03162499999996,315.25895833333334,55.844955,42.583904,34.102585,0.046705127,1.9796260293108643
189,2019-07-09,0.4875000000000001,297.0474583333333,323.84166666666664,63.90141,37.70152,34.467274,3.036646,2.265259917923591
190,2019-07-10,0.48588709677419367,300.35866666666664,320.801875,77.09963,19.660988,39.433605,-5.1281905,2.744359586076065
191,2019-07-11,0.4846774193548386,303.7564375,300.8860416666667,79.65956,8.181673,40.24971,-12.455546,2.847762347521199
192,2019-07-12,0.48387096774193566,303.18843749999996,158.88708333333332,39.373547,-5.727778,21.647827,-10.624546,1.40654357322724
193,2019-07-13,0.484274193548387,300.98562499999997,282.2395833333333,59.566967,34.5448,35.16292,-1.5558037,2.1219584168656493
194,2019-07-14,0.4846774193548386,298.84454166666666,308.499375,59.592865,39.418648,35.771564,-0.2949494,2.117202861271229
195,2019-07-15,0.4850806451612903,301.5274166666666,301.74562499999996,70.09245,27.719862,39.624065,-4.5098896,2.4986195045765305
196,2019-07-16,0.485483870967742,302.677875,303.6820833333333,70.25182,26.769957,36.951122,-2.1024716,2.507969766990516
197,2019-07-17,0.48588709677419367,299.65658333333334,302.14,58.004242,40.9036,36.08899,0.75282794,2.0628457541586593
198,2019-07-18,0.4862903225806452,300.7980208333333,297.47520833333334,72.422325,19.02368,38.69421,-7.4574523,2.5792956736891286
199,2019-07-19,0.4866935483870967,304.1152083333333,298.28125,72.56081,16.668068,36.404133,-7.231924,2.595188835457093
200,2019-07-20,0.4870967741935483,304.37210416666665,318.5478541666667,0.0,-56.75199,0.0,-27.184849,0.0
201,2019-07-21,0.4872983870967742,305.1208125,304.11225,,,,,
202,2019-07-22,0.4877016129032259,305.42418749999996,287.06860416666666,,,,,
203,2019-07-23,0.48830645161290337,305.3437916666666,209.47208333333333,78.4261,19.868532,40.943874,-11.106475,2.809440892632902
204,2019-07-24,0.4891129032258064,303.70874999999995,293.7289583333333,73.01756,12.895706,37.162483,-8.76908,2.610156132759933
205,2019-07-25,0.4901209677419354,303.9774375,312.17270833333333,0.0,-56.536327,0.0,-24.509653,0.0
206,2019-07-26,0.4913306451612904,300.46010416666667,310.69374999999997,,,,,
207,2019-07-27,0.4927419354838711,297.21093749999994,286.27218750000003,,,,,
208,2019-07-28,0.4943548387096774,299.5353125,315.792625,,,,,
209,2019-07-29,0.4961693548387096,299.6129375,321.5404375,,,,,
210,2019-07-30,0.4981854838709678,300.0100833333333,320.62933333333336,,,,,
211,2019-07-31,0.5004032258064516,302.8541458333333,299.1870833333333,,,,,
212,2019-08-01,0.5028225806451613,301.4938958333333,308.86635416666667,,,,,
213,2019-08-02,0.5054435483870968,301.96099999999996,317.3763333333333,,,,,
214,2019-08-03,0.5082661290322581,301.41631249999995,312.2047708333333,,,,,
215,2019-08-04,0.5112903225806451,301.28591666666665,316.38283333333334,,,,,
216,2019-08-05,0.5145161290322581,301.6151875,300.16225000000003,,,,,
217,2019-08-06,0.5169354838709677,301.5238958333333,315.0933958333333,,,,,
218,2019-08-07,0.5185483870967741,298.95672916666666,275.46847916666667,,,,,
219,2019-08-08,0.5193548387096774,300.22572916666667,316.00564583333335,,,,,
220,2019-08-09,0.5193548387096774,299.6006458333333,315.62314583333335,,,,,
221,2019-08-10,0.5185483870967741,301.013,299.1660416666667,0.0,-56.063187,0.0,-23.158934,0.0
222,2019-08-11,0.5169354838709677,299.65820833333333,260.17791666666665,49.2665,25.305155,32.33511,-4.762209,1.752102779807973
223,2019-08-12,0.514516129032258,297.40325,274.63,61.353954,14.503223,35.195957,-5.6999545,2.1759012825057185
224,2019-08-13,0.511290322580645,299.98199999999997,280.96,67.03948,17.70748,39.357914,-6.792481,2.3851423621332786
225,2019-08-14,0.5084677419354837,300.81241666666665,275.6045833333333,69.37194,12.833547,39.35774,-8.106139,2.4707021094542796
226,2019-08-15,0.506048387096774,301.0791458333333,270.98333333333335,71.417,9.104194,39.358814,-8.450536,2.544393301259071
227,2019-08-16,0.504032258064516,302.5195,268.49666666666667,71.261856,8.172353,40.047237,-9.8276,2.543513014367404
228,2019-08-17,0.5024193548387095,302.407875,268.4820833333333,72.53477,6.4696383,38.732132,-8.377351,2.5885776250436416
229,2019-08-18,0.5012096774193546,301.9552083333333,270.23041666666666,67.16321,13.024125,39.305958,-7.158159,2.395499441127367
230,2019-08-19,0.5004032258064515,300.3882083333333,273.411875,60.07048,16.041046,36.8171,-4.6994185,2.1382866354458923
231,2019-08-20,0.4999999999999998,299.4865625,244.74020833333336,60.94261,10.473283,37.94429,-6.592428,2.166885430414333
232,2019-08-21,0.4999999999999998,301.5284583333333,231.15270833333332,62.253506,8.543709,33.50236,-10.41546,2.2191836953755883
233,2019-08-22,0.4999999999999998,301.1501666666666,259.12333333333333,65.29768,11.874413,36.285442,-8.483186,2.3265873928937797
234,2019-08-23,0.5004032258064515,301.6762083333333,267.91979166666664,68.92918,7.781197,40.095577,-11.2790365,2.457615136580366
235,2019-08-24,0.5012096774193546,301.38370833333335,264.87916666666666,70.052734,4.7854433,40.089222,-11.767125,2.496749256377341
236,2019-08-25,0.5024193548387095,301.2337083333333,258.60541666666666,65.21677,5.2216,37.82339,-10.094223,2.323949591679108
237,2019-08-26,0.504032258064516,299.7708958333333,206.12729166666665,53.2262,9.772277,31.886427,-7.8738365,1.893191148112874
238,2019-08-27,0.506048387096774,297.47429166666666,262.16875,57.481907,27.480265,35.968174,0.4569277,2.038757671863966
239,2019-08-28,0.5084677419354837,298.9057291666666,261.04375,66.813805,8.592151,39.1814,-5.967196,2.3739270633493836
240,2019-08-29,0.511290322580645,301.71524999999997,210.94502083333336,39.2397,-10.905393,22.281387,-10.998866,1.399129701973945
241,2019-08-30,0.514516129032258,299.9421458333333,235.18627083333334,,,,,
242,2019-08-31,0.5181451612903225,299.27866666666665,247.90647916666668,,,,,
243,2019-09-01,0.5221774193548386,299.0068333333333,278.09739583333334,,,,,
244,2019-09-02,0.5266129032258065,301.45087499999994,221.90041666666664,38.223186,-8.500183,31.159418,-7.9018893,1.362428289225613
245,2019-09-03,0.5314516129032257,300.2906875,189.83895833333335,42.708622,-2.4729767,21.114576,-9.691147,1.5200826941175936
246,2019-09-04,0.5366935483870967,300.80410416666666,247.146875,64.06274,5.063988,37.666622,-11.322464,2.28158934635472
247,2019-09-05,0.5423387096774194,299.7581666666667,241.66125,64.762,-2.7062953,38.757816,-14.092141,2.3034689103764934
248,2019-09-06,0.5483870967741936,300.0193958333333,252.89041666666665,58.651066,10.495328,36.413616,-4.9682364,2.086795512629241
249,2019-09-07,0.5548387096774194,299.1413958333333,195.59729166666668,33.779743,7.833901,23.905508,-10.124089,1.2005620761467624
250,2019-09-08,0.5612903225806453,296.5581875,173.22124999999997,39.28386,1.5537176,24.830946,-10.166135,1.391754898109688
251,2019-09-09,0.567741935483871,297.13475,216.0148333333333,0.0,-55.163185,0.0,-22.133059,0.0
252,2019-09-10,0.5741935483870969,293.09735416666666,209.32104166666667,,,,,
253,2019-09-11,0.5806451612903225,290.1760625,136.09602083333334,,,,,
254,2019-09-12,0.5870967741935484,291.0642291666666,124.50625000000001,,,,,
255,2019-09-13,0.5935483870967742,292.45160416666664,162.16860416666665,,,,,
256,2019-09-14,0.6,293.6187083333333,90.35056250000001,,,,,
257,2019-09-15,0.606451612903226,295.506625,192.07612500000002,,,,,
258,2019-09-16,0.6129032258064517,297.042625,217.85608333333334,,,,,
259,2019-09-17,0.6193548387096776,296.44891666666666,178.76635416666667,,,,,
260,2019-09-18,0.6258064516129034,296.04985416666665,213.81454166666666,,,,,
261,2019-09-19,0.632258064516129,296.55249999999995,227.67943749999998,,,,,
262,2019-09-20,0.6387096774193549,295.1523125,158.190625,78.026886,-0.7141904,34.5891,-9.337584,2.7596554601532968
263,2019-09-21,0.6451612903225806,295.36525,119.211875,36.6833,-7.6947703,19.420763,-8.076299,1.297747425941638
264,2019-09-22,0.6516129032258065,293.5690833333333,191.53437499999998,64.247604,-1.0692667,35.014362,-2.5038254,2.268023673642445
265,2019-09-23,0.6576612903225807,292.13712499999997,223.00041666666667,77.50553,-15.046716,44.81865,-12.811398,2.7314434381407593
266,2019-09-24,0.6645161290322581,292.85493749999995,241.17666666666665,82.011,-10.855702,48.539417,-5.076174,2.8926565399830024
267,2019-09-25,0.6721774193548388,292.5765416666666,237.56833333333336,78.144745,-4.5143394,49.39532,-2.790448,2.7553868093199347
268,2019-09-26,0.6806451612903226,293.2077083333333,234.74833333333333,83.046524,-14.076558,51.273487,-8.229688,2.930398232958544
269,2019-09-27,0.6899193548387097,293.3563541666667,232.76041666666666,81.60239,-14.605039,50.79968,-7.92872,2.8799453949051737
270,2019-09-28,0.7000000000000001,293.838125,232.58249999999998,87.00867,-21.62507,55.388813,-12.880954,3.0724982647597274
271,2019-09-29,0.7108870967741936,294.44124999999997,225.41916666666668,83.659225,-18.203554,53.672028,-10.820155,2.956342118320385
272,2019-09-30,0.7225806451612903,293.22999999999996,215.5772916666667,77.107056,-17.10573,50.176067,-11.703236,2.720888380130025
273,2019-10-01,0.7350806451612905,293.4057291666666,209.6314583333333,72.754616,-15.190885,48.76013,-12.704858,2.5678359984280394
274,2019-10-02,0.7475806451612904,290.8787708333333,212.92499999999998,69.71189,-10.457547,49.342056,-10.490882,2.453196385558216
275,2019-10-03,0.7600806451612904,289.7372708333333,206.56375,63.615887,-5.5616136,44.30949,-2.8557923,2.235747969765628
276,2019-10-04,0.7725806451612903,291.21566666666666,217.06395833333332,77.95993,-14.568455,53.253803,-7.715573,2.7445166236319776
277,2019-10-05,0.7850806451612905,291.6727916666666,207.696875,80.0455,-20.942749,54.980892,-13.945892,2.8194314935589824
278,2019-10-06,0.7975806451612906,292.0673333333333,210.26208333333332,76.30651,-14.735719,51.64809,-6.7596908,2.688968624387773
279,2019-10-07,0.8100806451612904,292.8764791666667,202.8060416666667,79.85867,-20.889208,54.45332,-12.402828,2.816811887621497
280,2019-10-08,0.8225806451612905,294.4211458333333,205.45562500000003,83.20789,-19.713186,58.73611,-12.023342,2.9403224462302258
281,2019-10-09,0.835483870967742,294.1676875,198.26625,80.61146,-20.750957,56.7943,-12.966325,2.847711712461314
282,2019-10-10,0.8487903225806454,295.58810416666665,197.02104166666666,81.06017,-19.41535,61.415546,-17.481768,2.8684408598527193
283,2019-10-11,0.8624999999999997,295.69849999999997,161.39604166666666,63.52658,-24.360641,43.97818,-17.07097,2.2482867399224102
284,2019-10-12,0.8766129032258063,295.3168333333333,152.2475,59.306866,-21.608381,41.740887,-15.544042,2.0979805164579153
285,2019-10-13,0.8911290322580644,293.70172916666667,184.30854166666666,74.399284,-22.993216,54.707,-16.301048,2.626803807969223
286,2019-10-14,0.9060483870967744,293.83466666666664,117.53604166666666,36.800625,-13.777001,28.003382,-14.993488,1.2995187244236992
287,2019-10-15,0.9213709677419356,286.0356458333333,193.06708333333333,65.32587,-3.857816,47.68633,1.2814232,2.2863757547721524
288,2019-10-16,0.9370967741935484,285.41404166666666,193.27958333333333,67.23126,-13.625516,51.17725,-4.6981254,2.35147149442955
289,2019-10-17,0.9532258064516128,285.888875,175.21624999999997,63.398777,-16.962458,47.6882,-7.269525,2.2185728614686813
290,2019-10-18,0.96875,289.25977083333333,174.0945416666667,0.0,-50.05212,0.0,-26.026066,0.0
291,2019-10-19,0.9836693548387098,291.22016666666667,142.2876875,,,,,
292,2019-10-20,0.997983870967742,286.80664583333333,145.81052083333333,,,,,
293,2019-10-21,1.011693548387097,286.3594166666666,184.61356250000003,59.946327,-25.181723,46.533318,-11.606257,2.0988383558889203
294,2019-10-22,1.0247983870967745,283.75370833333335,63.004375,0.0,-37.094,0.0,-21.15966,0.0
295,2019-10-23,1.0372983870967745,283.10268749999994,73.557,,,,,
296,2019-10-24,1.0491935483870969,284.86133333333333,102.5951875,,,,,
297,2019-10-25,1.0592741935483871,287.76666666666665,174.778375,,,,,
298,2019-10-26,1.0675403225806448,289.2870625,176.42310416666666,,,,,
299,2019-10-27,1.0739919354838712,289.48454166666664,170.53995833333332,,,,,
300,2019-10-28,1.0786290322580645,289.50066666666663,134.399625,,,,,
301,2019-10-29,1.081451612903226,290.58397916666667,141.31825,,,,,
302,2019-10-30,1.082459677419355,289.97947916666664,143.8614375,,,,,
303,2019-10-31,1.0816532258064515,291.4264166666666,106.67952083333334,,,,,
304,2019-11-01,1.0790322580645162,291.34804166666663,87.07912499999999,,,,,
305,2019-11-02,1.0754032258064516,290.06860416666666,68.01475,,,,,
306,2019-11-03,1.0725806451612905,288.126375,59.28691666666666,,,,,
307,2019-11-04,1.0705645161290325,287.8746458333333,70.075,,,,,
308,2019-11-05,1.0693548387096772,284.2886458333333,97.403,,,,,
309,2019-11-06,1.068951612903226,282.72081249999997,124.93849999999999,60.958767,-19.491013,43.87151,-7.073647,2.12596911266147
310,2019-11-07,1.0693548387096774,281.98883333333333,41.76791666666667,10.446256,-19.398375,6.5235043,-12.781247,0.3640406450641709
311,2019-11-08,1.0705645161290325,280.99252083333334,129.15541666666667,52.06094,-18.935825,38.96993,-6.7452493,1.812405279519195
312,2019-11-09,1.0725806451612905,279.74997916666666,120.19083333333333,47.271755,-16.09779,32.296974,-5.1424823,1.6436064705224775
313,2019-11-10,1.0754032258064514,283.79766666666666,57.502916666666664,16.583708,-15.515857,8.366641,-10.708594,0.5790234059029519
314,2019-11-11,1.0778225806451616,281.1228541666666,65.14666666666666,21.88685,-15.252078,11.829095,-8.287568,0.7620519141794034
315,2019-11-12,1.0798387096774196,282.3790833333333,122.69520833333333,50.79477,-13.412173,38.88924,-3.5958488,1.7708613928892132
316,2019-11-13,1.081451612903226,285.34635416666663,74.64291666666666,28.635614,-10.693944,17.141335,-5.899635,1.0014818462479644
317,2019-11-14,1.0826612903225807,283.31097916666664,50.94416666666667,14.950642,-22.963358,9.155562,-16.702368,0.5217354133197044
318,2019-11-15,1.083467741935484,281.00097916666664,71.76416666666667,23.710892,-14.386749,17.973608,-8.968274,0.8254579630521991
319,2019-11-16,1.0838709677419356,277.02141666666665,113.09833333333334,43.09422,-22.880182,31.771402,-8.112394,1.4943413175004452
320,2019-11-17,1.0838709677419356,275.95522916666664,42.22208333333334,12.33166,-14.032302,7.125456,-8.919069,0.4271802864819649
321,2019-11-18,1.0844758064516131,282.51993749999997,78.59375,27.651537,-17.744467,17.695581,-8.987379,0.9641591707377506
322,2019-11-19,1.0848790322580648,278.573625,95.59166666666665,34.465885,-20.638807,21.127672,-8.728907,1.1969524379492114
323,2019-11-20,1.0850806451612909,278.9693541666666,52.579791666666665,18.198053,-16.24312,8.118196,-8.693585,0.6322407237156507
324,2019-11-21,1.0850806451612904,282.61797916666666,40.121249999999996,13.755141,-6.9705067,6.5715613,-4.8561845,0.47966613038890354
325,2019-11-22,1.0848790322580646,285.52349999999996,27.61854166666667,9.113627,-11.693573,3.6722698,-8.56665,0.31879487421825975
326,2019-11-23,1.0844758064516131,283.97077083333335,75.59729166666666,29.726881,-25.628843,17.536833,-14.863583,1.0381111114904011
327,2019-11-24,1.0838709677419356,279.83187499999997,97.32187499999999,38.30647,-14.366158,27.25638,-5.0117774,1.3319992829941507
328,2019-11-25,1.0830645161290322,283.82447916666666,26.77416666666667,8.255845,-6.511692,3.5215693,-4.9539995,0.28826266560147384
329,2019-11-26,1.0820564516129032,287.19374999999997,79.31729166666666,32.053253,-6.586819,19.887503,-2.6964028,1.123280034876245
330,2019-11-27,1.0828629032258064,286.613,85.84916666666668,35.024513,-15.420627,22.713142,-7.3033977,1.226618574875798
331,2019-11-28,1.085483870967742,285.0556041666667,52.48854166666666,18.899702,-11.862544,9.892378,-6.6339455,0.6607769772226475
332,2019-11-29,1.0899193548387098,283.7050208333333,93.124375,38.741955,-24.23159,25.587921,-11.715636,1.3525497952543426
333,2019-11-30,1.0961693548387097,283.48379166666666,90.97854166666667,36.344624,-25.477348,26.061815,-12.342494,1.2685571392960446
334,2019-12-01,1.104233870967742,284.64810416666666,85.078125,30.97146,-11.765884,22.18823,-5.574499,1.0823580626938487
335,2019-12-02,1.1141129032258064,283.2587291666666,58.564166666666665,18.847055,-17.803934,10.257014,-9.956262,0.6576730242861146
336,2019-12-03,1.1258064516129034,283.91362499999997,54.94770833333333,19.239428,-15.728715,11.251759,-8.857652,0.6718312595201438
337,2019-12-04,1.1375,280.78954166666665,67.333125,26.931883,-13.963002,16.168362,-6.4159408,0.9373892295052867
338,2019-12-05,1.1487903225806453,283.18835416666667,78.25979166666666,30.77962,-17.38244,20.67252,-8.141181,1.0739832632224195
339,2019-12-06,1.1596774193548385,281.5978333333333,85.30770833333334,35.06439,-26.261976,24.687551,-12.535049,1.2214614049446164
340,2019-12-07,1.1701612903225809,280.703875,85.20375,36.13495,-23.322937,27.086792,-10.943963,1.2576006402419002
341,2019-12-08,1.1802419354838711,280.50185416666665,86.24208333333333,34.24972,-18.573816,25.292305,-7.6781783,1.1917442873622475
342,2019-12-09,1.18991935483871,283.426,83.705,32.409737,-19.220295,23.574522,-8.941205,1.1311463446605448
343,2019-12-10,1.1991935483870968,280.26727083333327,87.35791666666667,35.263466,-31.468546,28.9366,-16.620962,1.226726362291591
344,2019-12-11,1.2080645161290322,279.3522708333333,46.34375,16.432287,-25.026136,7.367186,-15.6993065,0.5711117876443587
345,2019-12-12,1.217741935483871,280.33774999999997,56.15020833333333,17.337917,-12.706821,7.8241115,-6.3561387,0.6031851469456349
346,2019-12-13,1.2280645161290324,285.97279166666664,37.95291666666667,9.704788,-12.774681,-0.9499381,-6.7938576,0.3396398674135282
347,2019-12-14,1.2390322580645163,284.32199999999995,41.11770833333333,15.480828,-13.305985,6.4806066,-7.5613103,0.5408185489793693
348,2019-12-15,1.2506451612903229,281.3861666666666,79.79729166666667,31.128098,-24.421743,23.431067,-12.3373575,1.0841049423236482
349,2019-12-16,1.262903225806452,283.8869583333333,49.99875,9.972607,-26.311548,-3.7599354,-13.758541,0.34822858840190507
350,2019-12-17,1.2758064516129035,282.99256249999996,39.05833333333333,8.809873,-18.350983,1.3797541,-10.913532,0.30733663648437604
351,2019-12-18,1.2875000000000003,279.45022916666665,82.20645833333333,42.751053,-20.031803,33.618984,-8.066372,1.485978195738994
352,2019-12-19,1.2979838709677425,282.6454166666667,31.791875,,,,,
353,2019-12-20,1.3080645161290323,281.9396458333333,13.77875,,,,,
354,2019-12-21,1.3177419354838713,281.8755833333333,39.619375,,,,,
355,2019-12-22,1.327016129032258,282.2418333333333,92.045,,,,,
356,2019-12-23,1.3358870967741936,282.28631249999995,89.68541666666665,,,,,
357,2019-12-24,1.3443548387096778,279.9624166666667,89.07208333333334,,,,,
358,2019-12-25,1.3524193548387098,281.73010416666665,91.448125,,,,,
359,2019-12-26,1.3600806451612903,283.1150416666666,73.904375,,,,,
360,2019-12-27,1.3673387096774194,283.5735833333333,70.83749999999999,,,,,
361,2019-12-28,1.3721774193548388,283.30791666666664,89.14854166666667,,,,,
362,2019-12-29,1.374596774193548,280.8137083333333,90.42166666666667,,,,,
363,2019-12-30,1.374596774193548,279.7696875,88.96291666666667,,,,,
364,2019-12-31,1.3721774193548388,279.84937499999995,89.67770833333333,,,,,
365,2020-01-01,1.3673387096774194,279.7457708333333,90.80354166666666,,,,,
366,2020-01-02,1.3600806451612906,279.7492291666666,91.79104166666667,,,,,
367,2020-01-03,1.3520161290322583,279.78591666666665,86.963125,,,,,
368,2020-01-04,1.343145161290323,279.3880208333333,95.16270833333333,,,,,
369,2020-01-05,1.3338709677419354,278.96729166666665,94.6725,,,,,
370,2020-01-06,1.3241935483870966,278.8166458333333,95.030625,,,,,
371,2020-01-07,1.3141129032258063,279.87506249999996,96.21708333333333,,,,,
372,2020-01-08,1.3036290322580646,279.7882916666666,97.19958333333334,,,,,
373,2020-01-09,1.2927419354838714,278.9763958333333,92.99958333333332,,,,,
374,2020-01-10,1.281451612903226,278.5906458333333,82.315625,,,,,
375,2020-01-11,1.2701612903225812,279.69185416666664,99.359375,,,,,
376,2020-01-12,1.258870967741936,280.60774999999995,100.75333333333333,,,,,
377,2020-01-13,1.2477419354838712,280.66306249999997,99.97479166666666,,,,,
378,2020-01-14,1.2367741935483874,280.3337291666666,89.73645833333335,,,,,
379,2020-01-15,1.2259677419354842,281.01039583333335,104.873125,74.238625,-23.157497,56.28628,-5.3693027,2.5845276146135845
380,2020-01-16,1.2153225806451613,279.50491666666665,123.460375,56.34894,-23.48455,42.69334,-8.713514,1.9587325919758531
381,2020-01-17,1.2048387096774198,279.5396666666666,95.7725,41.986267,-14.043464,30.246542,-4.503438,1.4595257422566317
382,2020-01-18,1.1963709677419356,280.94716666666665,32.953541666666666,11.953052,-8.537183,4.9041705,-5.559097,0.4161040656324741
383,2020-01-19,1.18991935483871,281.4420833333333,51.557874999999996,-1.6327374,-15.2750225,-1.6504354,-11.685274,-0.05686696959202596
384,2020-01-20,1.185483870967742,279.34110416666664,57.279374999999995,,,,,
385,2020-01-21,1.1830645161290327,280.04393749999997,69.74204166666667,,,,,
386,2020-01-22,1.1826612903225808,279.93722916666667,116.70810416666667,0.0,-22.254055,0.0,-13.967646,0.0
387,2020-01-23,1.1842741935483871,280.24606249999994,113.22856250000001,,,,,
388,2020-01-24,1.1879032258064517,282.66110416666663,94.39233333333334,,,,,
389,2020-01-25,1.1935483870967742,282.3500208333333,33.02095833333333,,,,,
390,2020-01-26,1.201209677419355,282.579,92.72770833333334,,,,,
391,2020-01-27,1.209677419354839,278.47897916666665,84.55397916666666,,,,,
392,2020-01-28,1.2189516129032258,283.00808333333333,109.91614583333335,,,,,
393,2020-01-29,1.229032258064516,283.8047083333333,94.3810625,,,,,
394,2020-01-30,1.2399193548387102,282.43077083333327,132.43745833333335,,,,,
395,2020-01-31,1.2516129032258063,284.54772916666667,108.55285416666668,,,,,
396,2020-02-01,1.2641129032258067,284.52704166666666,70.26545833333334,,,,,
397,2020-02-02,1.27741935483871,285.74639583333334,140.45741666666666,,,,,
398,2020-02-03,1.2899193548387096,286.3193958333333,156.4966875,,,,,
399,2020-02-04,1.3012096774193551,285.5123541666666,154.39425,88.60086,-29.319763,70.84575,-13.061355,3.099222395057453
400,2020-02-05,1.3112903225806452,283.89241666666663,146.77712499999998,67.242035,-25.6887,50.430943,-11.464509,2.348005465173915
401,2020-02-06,1.3201612903225808,285.58925,150.45985416666667,65.973175,-31.175491,50.748764,-16.8116,2.3079079155870943
402,2020-02-07,1.3278225806451616,283.893125,135.40787500000002,53.265842,-18.30681,40.385334,-7.4900155,1.859976183223184
403,2020-02-08,1.334274193548387,282.94741666666664,91.95020833333332,35.90926,-11.355853,24.130388,-5.512596,1.252652294789248
404,2020-02-09,1.3395161290322577,284.1502083333333,145.33239583333332,60.857037,-12.389114,46.45035,-4.4140577,2.1256336791041424
405,2020-02-10,1.3435483870967744,283.11860416666667,160.61020833333333,73.63646,-18.152147,56.93723,-5.84972,2.5691841537902653
406,2020-02-11,1.3459677419354843,283.7354583333333,152.45239583333333,67.73434,-17.883606,50.807728,-6.8047166,2.364801298547097
407,2020-02-12,1.3467741935483872,285.5257708333333,114.18604166666667,48.4098,-2.0116186,36.8913,-1.5246571,1.6933800243101835
408,2020-02-13,1.3459677419354836,286.14231249999995,78.53645833333333,28.718943,-9.340227,21.700737,-6.36788,1.0052672584420381
409,2020-02-14,1.3435483870967742,283.2895625,179.37749999999997,79.65143,-18.556568,63.486485,-6.4591002,2.7795483151347753
410,2020-02-15,1.3395161290322577,283.92045833333333,174.80208333333334,79.7499,-16.326084,62.37424,-5.8499045,2.784847207916041
411,2020-02-16,1.333870967741935,284.2191041666667,181.30985416666667,83.62998,-19.897917,65.61448,-7.789374,2.921269286894148
412,2020-02-17,1.3266129032258065,283.91310416666664,183.11139583333332,79.905525,-10.137604,62.924007,-1.9011863,2.7902597251522665
413,2020-02-18,1.317741935483871,286.3223541666666,141.37489583333334,57.175488,-11.358036,41.317833,-6.9009337,2.00174444407546
414,2020-02-19,1.307258064516129,287.98522916666667,165.08535416666666,60.611996,-4.8228054,45.895214,0.039773386,2.1259695991235454
415,2020-02-20,1.297983870967742,284.06931249999997,181.04927083333334,64.747,-16.002527,48.875202,-6.6808624,2.261308335102205
416,2020-02-21,1.2899193548387096,283.7206458333333,146.155,26.647034,-33.7762,20.53947,-19.175392,0.930310258898714
417,2020-02-22,1.2830645161290324,285.3631458333333,164.247625,,,,,
418,2020-02-23,1.2774193548387096,281.7110833333333,186.36916666666664,,,,,
419,2020-02-24,1.272983870967742,284.4766458333333,175.40477083333334,,,,,
420,2020-02-25,1.2697580645161295,282.6652291666666,151.4424375,,,,,
421,2020-02-26,1.2677419354838708,287.29383333333334,123.90333333333332,,,,,
422,2020-02-27,1.2681451612903225,288.0395625,169.97479166666668,,,,,
423,2020-02-28,1.270967741935484,283.1415833333333,103.30654166666666,,,,,
424,2020-02-29,1.2762096774193543,288.44404166666664,162.656375,,,,,
425,2020-03-01,1.283870967741936,285.1442083333333,107.57077083333333,,,,,
426,2020-03-02,1.293951612903226,283.4637916666666,135.9940625,,,,,
427,2020-03-03,1.3064516129032258,280.78397916666665,199.90297916666668,,,,,
428,2020-03-04,1.3213709677419356,282.9107291666666,220.69050000000001,,,,,
429,2020-03-05,1.338709677419355,283.4512708333333,197.32835416666668,,,,,
430,2020-03-06,1.3588709677419353,286.25822916666664,216.57410416666667,,,,,
431,2020-03-07,1.3798387096774192,290.5726458333333,230.67195833333335,,,,,
432,2020-03-08,1.401612903225807,290.7743958333333,213.3271041666667,,,,,
433,2020-03-09,1.424193548387097,285.04560416666664,221.8937083333333,,,,,
434,2020-03-10,1.4475806451612907,286.37597916666664,220.5377083333333,,,,,
435,2020-03-11,1.4717741935483868,286.8323958333333,236.4,,,,,
436,2020-03-12,1.4967741935483874,287.34352083333334,218.10416666666666,,,,,
437,2020-03-13,1.52258064516129,288.92791666666665,180.10979166666667,89.38458,14.278642,66.46997,-0.24698582,3.138492743527559
438,2020-03-14,1.549193548387097,287.44987499999996,218.73916666666665,63.244953,10.853836,46.659588,4.462254,2.2169975715010497
439,2020-03-15,1.5752688172043008,288.27916666666664,158.72875,47.504776,-5.0056953,34.200317,-9.894086,1.6667815132528527
440,2020-03-16,1.6008064516129037,281.71887499999997,149.89958333333334,33.0533,15.942603,23.026123,8.239326,1.1515494592146203
441,2020-03-17,1.6258064516129032,282.1298958333333,166.07041666666666,53.835007,-0.25897703,38.281933,-2.0132005,1.8763663353376558
442,2020-03-18,1.6502688172043012,288.39166666666665,224.44854166666664,77.72991,-0.060685635,51.857407,-5.0172048,2.7276233796687954
443,2020-03-19,1.674193548387097,286.84183333333334,200.95125,52.55002,10.987133,38.266727,2.3723063,1.8408559832218396
444,2020-03-20,1.6975806451612907,286.62466666666666,169.78437499999998,47.245514,1.9539776,40.02249,-4.4616303,1.654640241442747
445,2020-03-21,1.720430107526882,284.0890625,155.16,42.067272,14.19416,32.84113,8.559259,1.4692429826606395
446,2020-03-22,1.7399193548387093,282.57154166666663,147.990625,53.593983,5.514834,40.37244,0.29124117,1.8688262593126506
447,2020-03-23,1.756048387096774,283.9997916666667,186.97458333333336,69.560524,5.8959804,43.649967,3.5210245,2.429241941921344
448,2020-03-24,1.768817204301075,284.8753958333333,158.8625,63.496166,-2.0025327,45.547512,-3.2220316,2.219540170671668
449,2020-03-25,1.778225806451613,286.1175416666666,243.16937499999997,82.333534,15.829661,51.873184,11.065002,2.8818945000035323
450,2020-03-26,1.7842741935483877,286.84289583333333,180.59416666666667,62.00121,0.4205905,40.263523,-3.358453,2.1719389357373653
451,2020-03-27,1.786962365591398,284.82195833333327,175.97270833333334,55.652924,4.3629985,40.64465,-1.7203788,1.9452637168244205
452,2020-03-28,1.7862903225806457,284.48245833333334,241.98645833333333,65.42479,26.430618,36.406647,18.205648,2.2859902660573184
453,2020-03-29,1.7822580645161292,284.2051041666667,244.30812500000002,66.70314,21.21056,40.33061,8.098859,2.329964861073895
454,2020-03-30,1.7748655913978493,284.59816666666666,146.83770833333332,43.947376,6.749458,35.70507,0.955756,1.535744347959348
455,2020-03-31,1.7641129032258067,285.8580416666667,89.314375,32.42828,-3.8166733,22.044828,-2.301962,1.1347550407589109
456,2020-04-01,1.7500000000000007,284.9057708333333,193.02833333333334,70.21101,12.082833,47.891357,1.5365467,2.454341375222341
457,2020-04-02,1.73252688172043,281.97472916666663,130.70270833333333,39.219532,7.2195554,27.655485,1.7061715,1.366738017250989
458,2020-04-03,1.7116935483870968,286.3591666666667,286.76958333333334,97.92252,17.267408,55.025036,9.43135,3.428458446339657
459,2020-04-04,1.6874999999999993,286.91260416666665,242.6485416666667,88.31885,-0.6205692,49.248882,-4.921154,3.094099413748456
460,2020-04-05,1.6599462365591406,289.33525,276.0239583333333,96.843025,3.3007214,59.988617,-7.0752215,3.4019436172531483
461,2020-04-06,1.6290322580645158,288.71166666666664,208.81166666666664,71.70237,4.860557,48.28534,-5.4903417,2.517016529697467
462,2020-04-07,1.5967741935483868,289.8942083333333,264.531625,0.0,-38.638783,0.0,-23.835499,0.0
463,2020-04-08,1.564112903225806,289.5583125,244.2566875,,,,,
464,2020-04-09,1.5310483870967737,288.4405,144.7006875,,,,,
465,2020-04-10,1.49758064516129,287.09075,105.6203125,,,,,
466,2020-04-11,1.4637096774193548,288.18891666666667,259.6027708333333,,,,,
467,2020-04-12,1.4294354838709673,287.63487499999997,255.66285416666668,,,,,
468,2020-04-13,1.394758064516129,287.29347916666666,192.18783333333332,,,,,
469,2020-04-14,1.359677419354839,287.55562499999996,232.98483333333334,,,,,
470,2020-04-15,1.325537634408602,287.6183333333333,188.944625,,,,,
471,2020-04-16,1.2931451612903224,289.0566666666667,238.0527708333333,,,,,
472,2020-04-17,1.2625,288.70818749999995,135.53366666666668,,,,,
473,2020-04-18,1.2336021505376342,288.818625,207.83485416666667,,,,,
474,2020-04-19,1.2064516129032257,287.3822916666666,128.08477083333335,,,,,
475,2020-04-20,1.1810483870967745,285.14062499999994,176.34116666666668,,,,,
476,2020-04-21,1.1573924731182794,283.30174999999997,195.08252083333332,,,,,
477,2020-04-22,1.135483870967742,287.02647916666666,166.61614583333332,,,,,
478,2020-04-23,1.1153225806451612,290.5192916666667,281.1221875,42.815605,-12.326606,33.363438,-14.166714,1.5060794389559486
479,2020-04-24,1.0952956989247316,291.1526875,274.575625,83.06958,13.737732,46.581127,-1.7764288,2.924184741478108
480,2020-04-25,1.0754032258064516,288.28022916666663,74.02479166666667,16.9485,1.2831982,14.190079,-3.3041322,0.594666094313454
481,2020-04-26,1.0556451612903226,288.324375,123.42108333333334,44.82817,3.298528,27.512306,-2.2697563,1.5729482806966155
482,2020-04-27,1.0360215053763444,286.55031249999996,185.54666666666665,56.729004,14.655334,31.099777,7.14508,1.9866100905886384
483,2020-04-28,1.0165322580645162,287.5643958333333,276.54895833333336,107.97138,11.697834,52.42299,1.6347641,3.78532612662228
484,2020-04-29,0.997177419354839,288.61654166666665,332.07666666666665,94.16143,30.29287,47.25326,11.66126,3.305057938720942
485,2020-04-30,0.977956989247312,289.37089583333335,233.56229166666665,74.23131,14.034841,47.180958,-1.2480632,2.6077349200376054
486,2020-05-01,0.9588709677419356,291.9877291666666,316.635625,86.74418,31.679811,50.421772,6.8179584,3.056498304434394
487,2020-05-02,0.9411290322580644,293.58324999999996,325.83145833333333,93.29547,18.486725,52.142303,0.68704176,3.29350624062985
488,2020-05-03,0.9247311827956993,293.3482291666666,316.0521875,70.307,3.8202267,42.45649,6.5568614,2.4812800694883297
489,2020-05-04,0.9096774193548388,295.67260416666664,296.6095833333333,,,,,
490,2020-05-05,0.895967741935484,293.9837083333333,286.6274375,,,,,
491,2020-05-06,0.8836021505376342,294.58304166666665,307.80135416666667,,,,,
492,2020-05-07,0.8725806451612904,293.87681249999997,254.63939583333334,,,,,
493,2020-05-08,0.8629032258064516,292.558375,278.17966666666666,,,,,
494,2020-05-09,0.8536290322580645,291.2253125,299.76285416666667,,,,,
495,2020-05-10,0.8447580645161291,286.5613333333333,221.0543125,,,,,
496,2020-05-11,0.8362903225806452,288.0411875,210.29385416666665,,,,,
497,2020-05-12,0.8282258064516129,284.5314583333333,100.2924375,,,,,
498,2020-05-13,0.8205645161290321,287.5456875,259.19352083333337,,,,,
499,2020-05-14,0.813306451612903,285.47056249999997,197.7526875,,,,,
500,2020-05-15,0.806451612903226,285.97916666666663,211.81735416666666,,,,,
501,2020-05-16,0.8000000000000002,287.343125,200.04564583333334,,,,,
502,2020-05-17,0.7931451612903229,288.7325625,249.13531250000003,,,,,
503,2020-05-18,0.7858870967741938,291.3054583333333,312.6095833333333,,,,,
504,2020-05-19,0.7782258064516131,295.4408541666666,326.68722916666667,,,,,
505,2020-05-20,0.7701612903225806,296.3647291666667,318.15841666666665,,,,,
506,2020-05-21,0.7616935483870968,297.66172916666665,325.75381250000004,,,,,
507,2020-05-22,0.7528225806451614,298.72235416666666,313.70464583333336,,,,,
508,2020-05-23,0.7435483870967743,297.7705833333333,312.26064583333334,,,,,
509,2020-05-24,0.7338709677419356,297.31537499999996,323.3084166666667,,,,,
510,2020-05-25,0.7254032258064517,295.84835416666664,287.4362916666667,,,,,
511,2020-05-26,0.7173387096774194,295.61689583333333,305.31691666666666,,,,,
512,2020-05-27,0.7096774193548386,294.7388958333333,323.16939583333334,,,,,
513,2020-05-28,0.7024193548387098,294.28754166666664,332.0375625,,,,,
514,2020-05-29,0.6955645161290324,295.10672916666664,328.2840625,,,,,
515,2020-05-30,0.6891129032258064,298.8452708333333,359.08608333333336,92.7488,59.298763,59.894077,-16.57773,3.2951630528277214
516,2020-05-31,0.6830645161290323,296.4699166666666,211.33058333333335,39.81983,16.003805,21.278704,1.9691987,1.4105920285485845
517,2020-06-01,0.6774193548387096,295.6005833333333,308.736,66.39334,33.19711,40.035667,7.7290096,2.349467455041574
518,2020-06-02,0.6709677419354839,296.64764583333334,304.59475000000003,61.10938,33.18867,35.598263,4.90082,2.165228591927087
519,2020-06-03,0.6649193548387097,295.8983333333333,349.08745833333336,45.714794,48.062862,32.66613,15.257911,1.618295545677493
520,2020-06-04,0.6592741935483871,294.14335416666665,202.949375,33.405083,25.9207,23.753822,0.57668215,1.1800467663676397
521,2020-06-05,0.6540322580645161,295.1825416666666,341.1688125,67.59191,49.28668,42.67691,7.6938806,2.3906780188340995
522,2020-06-06,0.6491935483870969,296.067125,333.8739583333333,67.30115,42.74089,41.711678,2.1197245,2.3829352874384835
523,2020-06-07,0.644758064516129,294.99829166666666,295.50385416666666,57.647953,38.034412,36.056137,-1.2767931,2.0385163036770777
524,2020-06-08,0.6407258064516129,293.57754166666666,323.6663541666667,54.555294,49.57043,38.9653,1.1224657,1.9258918449295352
525,2020-06-09,0.6370967741935485,292.8458333333333,354.4299375,62.171505,51.039394,38.71439,7.333425,2.1928629343988635
526,2020-06-10,0.6338709677419355,295.451125,317.9831875,53.977787,28.577883,32.243073,-0.3930967,1.909773026964443
527,2020-06-11,0.6306451612903226,294.48960416666665,361.9685416666667,49.482296,77.29789,36.757984,19.150976,1.7487018158408194
528,2020-06-12,0.6274193548387096,292.0461458333333,322.44275,38.16845,68.97323,29.293404,8.93635,1.3449864875517388
529,2020-06-13,0.6241935483870968,292.3308125,350.6385416666667,54.345875,61.514313,37.487488,13.20026,1.9156863256839916
530,2020-06-14,0.620967741935484,293.8986875,356.9220833333333,61.20432,55.61909,38.87324,9.277176,2.161436212707074
531,2020-06-15,0.6177419354838711,294.9471458333333,362.480625,61.972244,55.017395,38.784206,12.109548,2.191295186109222
532,2020-06-16,0.614516129032258,296.42091666666664,357.19041666666664,59.78092,62.12419,41.177532,11.707385,2.117574638199263
533,2020-06-17,0.6112903225806451,296.4181875,361.179375,59.91148,60.85878,41.671703,11.675026,2.1221923960405644
534,2020-06-18,0.6080645161290323,296.003125,350.92645833333336,69.080025,43.554077,42.7852,6.1211066,2.445730574417264
535,2020-06-19,0.6048387096774192,296.9353541666666,358.3572916666667,65.2584,47.644306,41.152676,7.7036915,2.3130476940420857
536,2020-06-20,0.6016129032258065,297.8744583333333,352.94812499999995,76.776566,34.807278,44.96553,3.7984755,2.7244355462502186
537,2020-06-21,0.5983870967741937,298.9508958333333,357.3541666666667,79.56089,29.208197,45.884937,0.87536335,2.8269956768111517
538,2020-06-22,0.5951612903225806,301.36864583333335,351.80020833333333,85.08509,21.262144,46.352066,-2.7040827,3.0324596093867666
539,2020-06-23,0.5919354838709678,303.71091666666666,343.13604166666664,80.55382,23.375229,45.34662,-3.7592938,2.8795623949977056
540,2020-06-24,0.5887096774193548,303.64222916666665,321.479375,74.48455,20.254738,41.25842,-9.017228,2.6623684134566186
541,2020-06-25,0.585483870967742,301.30997916666666,353.4780416666667,72.15042,39.158096,44.009583,0.71203434,2.5712730402455093
542,2020-06-26,0.5830645161290323,299.16085416666664,350.8927083333333,59.98676,55.88025,41.34004,8.620894,2.1320342765249274
543,2020-06-27,0.5814516129032258,298.5185833333333,356.16687500000006,67.251305,44.06706,41.930813,5.587683,2.3883260100674018
544,2020-06-28,0.5806451612903226,300.61829166666666,353.05354166666666,79.11163,30.889494,45.785656,0.7210073,2.8168956238454412
545,2020-06-29,0.5806451612903226,303.27156249999996,350.17333333333335,81.59551,23.069794,46.674023,-4.129529,2.9151523949786124
546,2020-06-30,0.5814516129032258,303.261375,330.0252083333333,76.590126,20.343283,45.222744,-6.888966,2.7362898112539735
547,2020-07-01,0.5830645161290323,301.3468958333333,358.9354166666667,68.24233,40.249363,41.22926,4.6538377,2.4321114342801415
548,2020-07-02,0.5854838709677419,299.02687499999996,352.1670833333333,67.758575,40.69551,41.916008,5.2005763,2.4078573019533986
549,2020-07-03,0.5887096774193548,299.7260208333333,358.786875,69.53122,38.99786,42.910954,4.5104976,2.473002197993748
550,2020-07-04,0.591532258064516,301.52391666666665,356.45358333333337,75.15927,32.49088,44.565815,0.80374557,2.6792269393920387
551,2020-07-05,0.5939516129032257,303.5478333333333,343.6935416666667,80.29797,25.042328,47.1344,-4.074287,2.8698141775714245
552,2020-07-06,0.5959677419354839,303.206125,342.67885416666667,77.68703,24.851519,45.604465,-3.2776594,2.775281324015321
553,2020-07-07,0.5975806451612903,303.59218749999997,335.9427083333333,80.87373,18.38883,45.961853,-5.7612224,2.8905565467071
554,2020-07-08,0.5987903225806451,304.3103958333333,245.27104166666666,69.74784,-1.7565681,40.633614,-12.756337,2.4952107022833836
555,2020-07-09,0.5995967741935484,301.50174999999996,342.5498333333333,72.65894,34.936375,45.373196,0.16619825,2.5900242013104227
556,2020-07-10,0.6,301.4103958333333,340.0044375,73.18124,31.003136,44.6131,-0.8538242,2.6083402839118395
557,2020-07-11,0.6,304.5457916666666,327.03795833333334,78.24367,20.461142,44.279713,-6.932936,2.800000000641919
558,2020-07-12,0.6,304.2215,311.3427708333333,75.451614,22.606201,46.12024,-7.6217957,2.698951380030468
559,2020-07-13,0.5995967741935484,303.500875,331.27847916666667,74.507805,27.7593,45.83193,-4.218367,2.662715259919594
560,2020-07-14,0.5987903225806451,300.9223333333333,227.36604166666666,47.60927,18.146847,28.149908,-6.959378,1.6958530523390765
561,2020-07-15,0.5975806451612903,302.36924999999997,333.8570416666667,73.02111,37.29189,44.26711,1.139444,2.605805590612372
562,2020-07-16,0.5959677419354839,303.6339583333333,334.49152083333337,77.626816,25.40698,46.7932,-5.1944747,2.774655690767196
563,2020-07-17,0.5939516129032257,304.447875,334.15995833333335,78.27799,25.314117,46.87419,-3.5984335,2.8008730100609456
564,2020-07-18,0.591532258064516,304.5157708333333,335.8107291666667,75.10833,27.109453,44.675022,-2.521221,2.687695359782863
565,2020-07-19,0.5887096774193548,303.3478333333333,302.158125,70.848625,19.249277,42.061382,-7.51261,2.5314476791794167
566,2020-07-20,0.5854838709677419,304.32222916666666,328.5775,80.69316,14.239174,46.036575,-7.895272,2.886820854525803
567,2020-07-21,0.5826612903225806,305.5602916666666,262.1466666666667,56.982174,7.6136003,31.385721,-9.49628,2.041836374317895
568,2020-07-22,0.5802419354838709,301.8872083333333,326.41541666666666,57.064762,42.8437,39.3101,3.0661385,2.035143904187705
569,2020-07-23,0.5782258064516129,301.95143749999994,323.2284375,67.39543,31.111155,43.996033,-2.3803663,2.4037705982438022
570,2020-07-24,0.5766129032258065,303.94002083333334,322.52964583333335,72.586876,25.428265,45.245193,-3.5109262,2.5955341073819427
571,2020-07-25,0.5754032258064516,303.6447708333333,322.2295833333333,71.968254,21.883163,43.564434,-2.824556,2.5724345815619314
572,2020-07-26,0.5745967741935484,305.3350208333333,323.93931249999997,73.73647,17.941936,43.787094,-5.133823,2.641415167886857
573,2020-07-27,0.5741935483870968,306.4805208333333,313.9579166666667,65.03739,25.302809,39.816692,-4.5704827,2.3332886413516607
574,2020-07-28,0.5741935483870968,303.90710416666667,328.27010416666667,67.355545,26.65851,42.40587,-0.99512154,2.4083718778223733
575,2020-07-29,0.5741935483870969,304.1109583333333,323.4693541666667,72.08184,20.225552,42.951252,-3.4523878,2.5780441295988608
576,2020-07-30,0.5741935483870967,306.5773541666666,286.49075,63.25116,14.094642,38.54866,-7.776125,2.2694944230726946
577,2020-07-31,0.5741935483870969,304.5017083333333,310.11487500000004,66.73727,23.359755,41.429066,-2.8061574,2.388099617066686
578,2020-08-01,0.5741935483870968,303.7282708333333,298.18925,67.512566,14.414185,42.500355,-9.517922,2.413429885029569
579,2020-08-02,0.5741935483870969,302.13462499999997,314.5806666666667,63.382244,24.20195,40.20259,-2.6731215,2.261160393008768
580,2020-08-03,0.5741935483870969,300.99229166666663,292.4805416666667,56.024082,22.19667,37.592617,-5.069663,1.995766758290549
581,2020-08-04,0.5741935483870969,301.8926041666667,310.01952083333333,63.64974,26.37599,39.52918,-0.5317915,2.2700044679581013
582,2020-08-05,0.5741935483870969,304.59891666666664,316.2316666666667,68.52201,25.663195,42.94983,-2.3868096,2.4522731180360684
583,2020-08-06,0.5741935483870969,305.311625,311.92568750000004,70.97861,18.92153,43.370365,-4.3260474,2.5425443516735315
584,2020-08-07,0.5741935483870968,305.65804166666663,307.05681250000004,70.41274,16.786316,42.880825,-5.5947247,2.5234146615559605
585,2020-08-08,0.5741935483870969,303.61212499999993,242.65275,57.0927,2.8450801,36.830032,-8.726888,2.0406367815835327
586,2020-08-09,0.5741935483870967,304.18891666666667,300.4705208333333,67.041664,16.08829,39.569324,-3.8028758,2.3980211930015525
587,2020-08-10,0.5741935483870969,302.15806249999997,194.93462499999998,42.970646,0.15815592,30.914268,-7.8639035,1.5330227413688737
588,2020-08-11,0.5741935483870968,300.02549999999997,200.9764375,63.477917,-10.050739,25.205261,-13.481224,2.258551353964964
589,2020-08-12,0.5741935483870968,296.71074999999996,315.3952083333333,50.424606,54.62086,36.894585,12.204059,1.7867828222733357
590,2020-08-13,0.5745967741935484,297.8008333333333,317.13489583333336,56.270535,39.484318,36.142868,9.609358,1.9965931547169802
591,2020-08-14,0.575,297.8510416666666,315.6755416666667,56.833447,35.093395,36.74947,7.056272,2.0166909158152153
592,2020-08-15,0.5754032258064516,297.06497916666666,319.88272916666665,0.0,-44.855812,0.0,-9.746603,0.0
593,2020-08-16,0.5758064516129032,295.9484166666667,321.0680208333333,,,,,
594,2020-08-17,0.5762096774193548,296.0325208333333,318.461125,,,,,
595,2020-08-18,0.5766129032258065,298.1082083333333,315.38939583333337,,,,,
596,2020-08-19,0.5770161290322581,300.3434375,308.9230416666667,,,,,
597,2020-08-20,0.5774193548387097,300.3632708333333,299.4956875,,,,,
598,2020-08-21,0.5770161290322581,298.9061458333333,309.48224999999996,,,,,
599,2020-08-22,0.5762096774193549,299.3604791666666,307.6497083333333,,,,,
600,2020-08-23,0.5750000000000001,300.8429375,306.14570833333335,,,,,
601,2020-08-24,0.5733870967741935,302.1158958333333,299.9701875,,,,,
602,2020-08-25,0.5713709677419355,302.7564375,297.802125,,,,,
603,2020-08-26,0.5689516129032258,302.2751458333333,299.25225,,,,,
604,2020-08-27,0.5661290322580645,302.6586458333333,284.4171666666667,,,,,
605,2020-08-28,0.5629032258064517,299.87035416666663,275.2114583333333,,,,,
606,2020-08-29,0.5596774193548387,295.6495208333333,276.72404166666666,,,,,
607,2020-08-30,0.5564516129032258,292.9601666666667,279.57433333333336,,,,,
608,2020-08-31,0.5532258064516128,295.18041666666664,294.29291666666666,,,,,
609,2020-09-01,0.55,295.0787083333333,174.1294375,,,,,
610,2020-09-02,0.5467741935483871,297.37775,285.736375,,,,,
611,2020-09-03,0.5435483870967742,299.22127083333334,287.5317708333333,,,,,
612,2020-09-04,0.5403225806451614,299.61910416666666,289.34422916666665,,,,,
613,2020-09-05,0.5370967741935484,299.6588333333333,284.87002083333334,,,,,
614,2020-09-06,0.5338709677419354,300.504125,281.6974583333333,,,,,
615,2020-09-07,0.5310483870967742,299.25075,252.98429166666665,,,,,
616,2020-09-08,0.5286290322580645,297.96049999999997,259.0737708333333,,,,,
617,2020-09-09,0.5266129032258065,297.4551041666667,269.7274791666667,,,,,
618,2020-09-10,0.5249999999999999,297.13768749999997,270.9509375,,,,,
619,2020-09-11,0.5237903225806451,298.8454166666666,259.7022083333333,97.34455,36.262875,63.236298,5.848884,3.4584406330518562
620,2020-09-12,0.5229838709677418,300.3875208333333,260.61420833333335,65.409096,6.060841,41.50966,-2.5823238,2.3283195632985296
621,2020-09-13,0.5225806451612902,299.28039583333333,180.391625,40.61387,-7.5514092,23.348124,-9.615712,1.4437025488494966
622,2020-09-14,0.5229838709677418,299.1632916666667,147.92714583333336,37.333794,-13.4229765,20.765524,-12.188488,1.3269123056641083
623,2020-09-15,0.5233870967741935,298.57677083333334,236.209875,58.703083,12.416622,37.14571,-1.5434265,2.084899215582708
624,2020-09-16,0.5237903225806451,298.71110416666664,204.42106249999998,56.668797,-0.75603765,36.641182,-6.634146,2.0129842275172996
625,2020-09-17,0.5241935483870968,299.8639166666666,92.130375,23.061266,-15.211269,11.75085,-14.628951,0.8203565374559854
626,2020-09-18,0.5245967741935483,296.49010416666664,190.348625,43.64458,12.333435,23.938644,-3.694297,1.5461192472116208
627,2020-09-19,0.5249999999999999,291.5540625,162.86564583333333,37.550667,4.9123573,26.695417,-3.202978,1.3224594964335974
628,2020-09-20,0.5254032258064516,293.11387499999995,239.25189583333335,50.969837,26.5615,37.195408,8.271227,1.7983340968871497
629,2020-09-21,0.5258064516129033,293.22810416666664,239.530125,59.56957,12.651172,39.83196,2.4730494,2.102035710537372
630,2020-09-22,0.5258064516129032,293.84591666666665,229.0439375,58.994846,5.785011,40.877483,-2.2024891,2.0832779700017565
631,2020-09-23,0.5258064516129033,293.95018749999997,220.94260416666668,41.45946,22.256784,29.199806,5.040776,1.4642342837754878
632,2020-09-24,0.5258064516129033,293.7780833333333,193.31331250000002,44.08336,17.329247,28.783806,4.4313626,1.556585109096924
633,2020-09-25,0.5258064516129033,292.7378333333333,237.04014583333333,42.82805,28.340506,37.42466,10.005519,1.510404543242366
634,2020-09-26,0.5258064516129032,289.21987499999994,238.82789583333332,56.01334,10.448745,41.221554,4.45128,1.96740343182156
635,2020-09-27,0.5258064516129032,289.5407083333333,229.8115,58.23987,4.1925893,42.042927,-0.24284919,2.046352684210776
636,2020-09-28,0.5258064516129032,290.1856875,242.05495833333336,64.81545,-0.41424337,45.195683,0.4511756,2.279072905144555
637,2020-09-29,0.5258064516129033,292.2729583333333,235.658375,71.17456,-5.8555818,49.08644,-3.8310375,2.508725982236777
638,2020-09-30,0.5258064516129032,290.76727083333327,123.903,31.359472,-16.975084,19.716516,-7.65023,1.1034137751116189
639,2020-10-01,0.5258064516129032,291.09472916666664,218.98225,56.133835,8.082353,40.274586,1.9096838,1.9758702044189385
640,2020-10-02,0.5258064516129032,290.2704166666667,93.17085416666667,15.047328,-0.4681808,11.553993,-7.639961,0.5291529089244915
641,2020-10-03,0.5258064516129033,284.8220416666666,213.62187500000002,69.5257,9.17213,39.620266,5.4363046,2.430165958910917
642,2020-10-04,0.5258064516129033,285.92731249999997,178.80714583333335,68.987686,-9.87643,35.957058,-3.6282275,2.414252073801894
643,2020-10-05,0.5258064516129033,287.56747916666666,208.92997916666664,72.90095,-8.421763,43.605545,-2.825065,2.5558143527648327
644,2020-10-06,0.5258064516129032,288.6447708333333,211.62875,82.647194,-16.987736,49.84139,-7.2174764,2.901001448155391
645,2020-10-07,0.5258064516129033,291.1515833333333,219.39041666666665,90.40665,-24.68646,57.19177,-11.077182,3.1824573950356223
646,2020-10-08,0.5254032258064516,292.86654166666665,214.44689583333334,91.65323,-26.200935,60.505924,-14.22652,3.23279710915935
647,2020-10-09,0.5249999999999999,292.93825,186.90833333333333,74.71516,-25.265343,47.744534,-12.547381,2.6355788989798574
648,2020-10-10,0.5245967741935483,292.4894791666666,196.370375,75.55177,-20.248016,47.692593,-10.342515,2.663686702503164
649,2020-10-11,0.5241935483870968,290.5318958333333,207.51972916666668,66.35877,-10.3694,47.159073,-3.0519779,2.334266424079122
650,2020-10-12,0.5237903225806451,285.97029166666664,214.50525000000002,61.227646,-4.3278065,44.983536,3.636509,2.1427868697781056
651,2020-10-13,0.5233870967741935,286.79622916666665,207.77627083333334,74.456505,-13.950141,52.242893,-3.1288617,2.6081210186346224
652,2020-10-14,0.5229838709677418,286.02875,197.27981250000002,61.160263,1.5337459,48.073032,1.0054944,2.1405653802680193
653,2020-10-15,0.5225806451612902,284.46704166666666,203.71545833333334,67.347755,-10.943073,49.577274,-1.8429871,2.3531412108846985
654,2020-10-16,0.5229838709677418,283.9180833333333,201.17995833333336,68.72448,-12.645047,49.87592,-2.1569111,2.3998361049561625
655,2020-10-17,0.5233870967741935,284.25674999999995,195.226375,68.82848,-14.132615,49.49354,-2.7076447,2.4043366152025976
656,2020-10-18,0.5237903225806451,287.7504583333333,196.37675000000002,77.65412,-23.72775,55.07413,-9.991881,2.723009457312427
657,2020-10-19,0.5241935483870968,292.8558125,183.02695833333334,73.983734,-24.166449,52.739323,-15.081038,2.6095249223234482
658,2020-10-20,0.5245967741935483,295.59137499999997,84.41745833333333,-2.9567347,-25.68289,-9.278876,-13.18749,-0.10462908772694259
659,2020-10-21,0.5249999999999999,290.9843125,91.24464583333334,30.011812,-12.249146,12.51142,-7.6530404,1.0562592967928615
660,2020-10-22,0.5254032258064516,288.4559791666666,46.050270833333336,10.115683,-13.174725,3.9508085,-9.607838,0.3549954592122284
661,2020-10-23,0.5258064516129033,287.64675,175.8035625,75.22047,-9.8968,50.649815,-2.4732711,2.637366441393626
662,2020-10-24,0.5258064516129032,285.4485208333333,173.0345625,75.10974,-19.313093,47.419743,-5.225307,2.6271263930072974
663,2020-10-25,0.5266129032258065,285.3022291666667,153.57710416666666,61.070038,-11.502448,36.172928,-4.756058,2.135718442759443
664,2020-10-26,0.528225806451613,285.2749583333333,119.87983333333334,43.983288,-16.018503,25.6942,-7.234217,1.538121596935305
665,2020-10-27,0.5306451612903226,281.8703125,161.81266666666667,68.17422,-16.658031,42.535614,-2.0083647,2.3755053433698285
666,2020-10-28,0.5338709677419354,284.0509583333333,158.21791666666667,68.26241,-20.040743,41.707623,-5.2195563,2.3840384491917064
667,2020-10-29,0.5379032258064517,287.2799583333333,163.79135416666665,77.07708,-25.490135,50.98027,-8.815385,2.701361326772706
668,2020-10-30,0.542741935483871,288.66775,158.6535625,74.05497,-26.550161,49.54036,-10.446997,2.599472820114951
669,2020-10-31,0.5483870967741935,288.42674999999997,150.92852083333335,64.51702,-23.684515,43.221012,-9.329009,2.264058525908865
670,2020-11-01,0.5548387096774193,288.2408541666667,155.35254166666667,70.71148,-30.068682,50.429127,-12.138133,2.4809194602638587
671,2020-11-02,0.5600806451612903,287.9639375,156.0200625,72.98696,-29.533197,53.28718,-11.925621,2.5599613827237
672,2020-11-03,0.5641129032258064,288.152,146.073625,63.95169,-22.837664,45.37962,-9.075103,2.243528214276654
673,2020-11-04,0.5669354838709678,287.0708125,54.04670833333333,13.44662,-15.557807,6.7652917,-10.53979,0.4711616643468628
674,2020-11-05,0.5685483870967742,288.7057708333333,51.69735416666666,12.902205,-18.530876,3.792092,-11.177581,0.4529117911075369
675,2020-11-06,0.5689516129032258,291.6530625,55.88789583333334,32.2087,-34.137012,-0.54647076,-6.842701,1.1344564582845864
676,2020-11-07,0.5681451612903227,287.32241666666664,114.012375,47.534664,-14.766983,32.60657,-7.4322243,1.666051070480093
677,2020-11-08,0.5661290322580645,285.196875,140.06414583333333,64.62734,-19.015413,44.605118,-5.4063,2.259865368342938
678,2020-11-09,0.5625,284.56093749999997,104.68616666666667,44.657146,-17.964176,24.590017,-6.7812386,1.5604849399794383
679,2020-11-10,0.5596774193548388,285.12766666666664,142.16072916666667,65.64283,-18.668013,46.14772,-4.539888,2.2952027667796675
680,2020-11-11,0.5576612903225807,285.10099999999994,138.79510416666668,67.220406,-21.163298,47.371044,-6.031181,2.3502949843245493
681,2020-11-12,0.5564516129032258,285.3030416666666,123.58383333333335,55.58213,-19.278912,36.052364,-5.9515405,1.9437991155765781
682,2020-11-13,0.5560483870967743,286.21122916666667,133.93514583333334,35.220253,-21.283718,26.698477,-8.364035,1.2329297492901996
683,2020-11-14,0.556451612903226,286.992125,46.87891666666667,14.777827,-6.762121,5.026274,-5.459513,0.5177613299413726
684,2020-11-15,0.5576612903225806,288.6453125,133.81529166666667,56.7739,-11.674881,43.623554,-5.0748854,1.9928234234127506
685,2020-11-16,0.5596774193548387,287.5140833333333,114.69566666666667,46.92514,-20.131613,32.4201,-8.775231,1.6450379393362486
686,2020-11-17,0.5633064516129032,287.39610416666665,142.85929166666668,61.656834,-18.243174,52.67996,-7.388741,2.161198315280921
687,2020-11-18,0.5683467741935484,285.8305208333333,140.16579166666668,60.57312,-26.193506,49.994144,-10.540079,2.1195570898745655
688,2020-11-19,0.5747983870967741,286.4024166666666,138.05827083333335,60.826344,-26.910988,49.412872,-11.023762,2.1297499567418456
689,2020-11-20,0.5826612903225807,285.1120833333333,141.41458333333333,59.134693,-24.66532,52.31334,-8.850895,2.06761081505326
690,2020-11-21,0.5919354838709678,285.0349583333333,141.406375,60.940434,-24.844942,53.0972,-10.55758,2.1305699656081747
691,2020-11-22,0.6026209677419356,282.0657083333333,144.405875,53.375378,-15.590903,48.9776,-1.7571602,1.8602223146322205
692,2020-11-23,0.6147177419354839,281.3498958333333,142.27745833333333,55.224743,-20.882093,50.207287,-4.4679713,1.923252222019182
693,2020-11-24,0.628225806451613,279.89174999999994,131.13760416666665,48.358562,-13.091885,41.727764,-2.0760486,1.681633775690659
694,2020-11-25,0.6419354838709678,282.8688958333333,123.48591666666665,50.15198,-10.579538,42.889874,-2.8252838,1.7493485435006917
695,2020-11-26,0.6558467741935484,282.14775,33.907833333333336,9.065696,-17.33648,3.3712394,-10.388608,0.3159817970320654
696,2020-11-27,0.6699596774193551,282.0132708333333,34.27995833333333,9.068183,-6.7404113,3.949137,-6.3348618,0.3160243250902152
697,2020-11-28,0.6842741935483873,282.6722708333333,67.62058333333333,22.867018,-9.393632,15.078113,-5.547732,0.7974587295235305
698,2020-11-29,0.6987903225806451,282.7795208333333,78.3623125,29.436829,-19.412245,17.903502,-9.492521,1.026688106913707
699,2020-11-30,0.713508064516129,282.3031041666666,112.43931249999999,44.298843,-16.207098,35.62226,-5.0189214,1.5442711429238083
700,2020-12-01,0.7284274193548388,282.1398541666667,126.70818750000001,52.570904,-12.327469,45.639038,-2.0257902,1.832326241636288
701,2020-12-02,0.7435483870967742,280.79325,104.68733333333334,37.723694,-11.656021,30.96698,-4.128989,1.3130132153237144
702,2020-12-03,0.7608870967741937,277.73697916666663,129.484625,38.84476,-19.185225,36.407436,-3.978718,1.347919240368698
703,2020-12-04,0.7786290322580646,279.83004166666666,32.58525,9.971124,-13.220386,3.100726,-8.738756,0.34671702923075415
704,2020-12-05,0.7967741935483872,278.1564583333333,57.382062499999996,15.684207,-7.4928474,9.344933,-5.603189,0.5444674115383956
705,2020-12-06,0.8153225806451613,279.40789583333327,63.537687500000004,18.325422,-9.334562,11.40284,-6.2330604,0.6369439725056043
706,2020-12-07,0.8342741935483868,282.66472916666663,47.36983333333333,15.114741,-6.282636,7.7756076,-4.0100346,0.5271035924330099
707,2020-12-08,0.8536290322580644,283.41439583333334,80.95072916666668,26.56205,-16.657227,17.478657,-7.384352,0.9270422993096451
708,2020-12-09,0.873387096774194,278.07818749999996,98.16360416666667,26.188684,-7.633169,21.027502,2.4244094,0.9090540813886937
709,2020-12-10,0.8935483870967741,283.05024999999995,25.325645833333336,6.427173,-7.3221173,-0.63446563,-4.960615,0.22422863295333886
710,2020-12-11,0.9116935483870972,288.5134583333333,30.376104166666664,3.2512252,-6.112837,-7.3920617,-2.4615147,0.11410448638268182
711,2020-12-12,0.9286290322580643,287.34412499999996,88.69485416666667,32.748837,-16.543665,24.503736,-8.597976,1.1478475645246449
712,2020-12-13,0.9443548387096777,284.04866666666663,116.88529166666666,47.236923,-9.456613,42.746593,-2.7269309,1.6497272939697347
713,2020-12-14,0.9588709677419353,284.2689375,75.13541666666667,28.055971,-12.852784,20.259645,-6.729397,0.9800721216093914
714,2020-12-15,0.9721774193548388,284.11235416666665,104.29354166666667,33.458458,-5.4198937,30.39325,1.9702936,1.1686002919440546
715,2020-12-16,0.9842741935483872,281.0691458333333,113.5118125,42.833378,-12.0505705,38.38434,-3.0181277,1.4912817747740579
716,2020-12-17,0.9951612903225809,282.71410416666663,117.13006250000001,48.07663,-12.92011,43.59729,-4.083902,1.6766859986316989
717,2020-12-18,1.0048387096774194,282.93041666666664,114.04304166666667,44.493153,-14.010758,40.3477,-6.326257,1.5520635636846996
718,2020-12-19,1.013508064516129,281.80775,59.08508333333333,15.827992,0.893095,13.631295,-1.3122346,0.5514848013339599
719,2020-12-20,1.0211693548387095,283.61341666666664,85.43902083333334,25.865236,-5.498346,20.936945,0.36555067,0.9029131216698384
720,2020-12-21,1.0278225806451613,281.1150208333333,111.91666666666667,45.061222,-14.473175,39.12956,-5.256465,1.5689198870760572
721,2020-12-22,1.033467741935484,283.07143749999994,118.12412499999999,52.25623,-23.198076,46.158337,-10.434858,1.8231349977222187
722,2020-12-23,1.0381048387096774,281.72152083333333,131.856125,54.67436,-7.771813,51.48026,0.95548123,1.9048144069716015
723,2020-12-24,1.041733870967742,281.55825,134.1023125,54.46477,-8.943654,51.718266,-0.23745565,1.897192627897915
724,2020-12-25,1.0443548387096773,280.10858333333334,112.11570833333333,40.894238,-18.454395,35.9136,-8.879298,1.422378313691667
725,2020-12-26,1.045967741935484,274.0435,144.506625,41.38052,-9.110305,39.88229,6.2747617,1.4309214080313888
726,2020-12-27,1.0465725806451611,273.8808125,142.88227083333334,46.126896,-6.293547,43.250507,7.359635,1.594813320831966
727,2020-12-28,1.0461693548387097,279.0150833333333,45.041020833333334,16.395008,-22.274727,5.5320125,-11.428551,0.5696247996268687
728,2020-12-29,1.044758064516129,276.98060416666664,41.1205625,13.119598,-14.828523,6.3768973,-8.663932,0.45491922609289154
729,2020-12-30,1.0423387096774193,275.13029166666666,138.73022916666667,44.596462,6.41069,41.307606,14.583297,1.5436700409865667
730,2020-12-31,1.0389112903225806,275.0813958333333,127.79875,40.656376,-0.28007355,37.701496,7.757393,1.407223242857244
